"Area","Instituicao","Modalidade","Inicio_Doutorado","Inicio_Mestrado","Docentes","Dissertacoes","Teses","Di_Te","TotalPeriodicos","Total_Qualificados","A1","A2","B1","B2","B3","B4","B5","C","NC","Conferencias","Livros","Capitulos","Coletaneas","Prod_Artistica","Outros","Conceito"
"Admin_CienContabeis_Tur","USP","Acad",1975.0,1975.0,45,109,119,0.915966387,593,415,10,27,89,78,97,42,72,111,67,1161,40,290,18,3,13,"Sete"
"Admin_CienContabeis_Tur","UFMG","Acad",1995.0,1973.0,22,63,20,3.15,130,108,2,7,29,23,22,19,6,9,13,326,3,68,2,0,7,"Seis"
"Admin_CienContabeis_Tur","FUCAPE","Prof",NA,2001.0,13,100,0,NA,65,56,3,6,16,17,12,0,2,9,0,176,1,21,0,0,1,"Cinco"
"Admin_CienContabeis_Tur","PUC-RIO","Acad",1997.0,1972.0,21,67,11,6.090909091,93,83,0,21,25,19,9,4,5,3,7,189,5,40,3,0,0,"Cinco"
"Admin_CienContabeis_Tur","PUC-RIO","Prof",NA,1999.0,21,100,0,NA,92,82,0,23,25,19,9,3,3,3,7,181,4,40,3,0,0,"Cinco"
"Admin_CienContabeis_Tur","PUC/PR","Acad",2006.0,2000.0,15,87,1,87.0,84,62,0,2,3,5,21,23,8,12,10,216,6,44,1,0,2,"Cinco"
"Admin_CienContabeis_Tur","PUC/RS","Acad",NA,2006.0,15,40,0,NA,52,42,0,2,10,8,16,5,1,7,3,122,0,16,0,0,0,"Cinco"
"Admin_CienContabeis_Tur","UFPE","Acad",2000.0,1995.0,22,106,10,10.6,120,110,4,6,26,23,28,18,5,4,6,329,1,48,0,0,1,"Cinco"
"Admin_CienContabeis_Tur","UNB","Acad",2006.0,1976.0,17,33,2,16.5,98,71,2,9,21,16,12,7,4,10,17,139,4,34,1,0,0,"Cinco"
"Admin_CienContabeis_Tur","UNINOVE","Acad",2008.0,2006.0,18,48,0,NA,109,76,0,3,11,9,31,7,15,13,20,282,7,90,4,0,3,"Cinco"
"Admin_CienContabeis_Tur","UNISINOS","Acad",2007.0,2000.0,15,72,0,NA,80,59,4,7,14,16,4,7,7,11,10,168,4,24,0,0,0,"Cinco"
"Admin_CienContabeis_Tur","UPM","Acad",2003.0,1999.0,19,82,24,3.416666667,110,101,1,1,25,18,38,7,11,6,3,211,0,15,1,0,2,"Cinco"
"Admin_CienContabeis_Tur","FJP","Acad",NA,1995.0,11,93,0,NA,37,17,1,5,3,2,1,5,0,11,9,63,4,19,4,0,0,"Quatro"
"Admin_CienContabeis_Tur","FUCAPE","Acad",2009.0,2009.0,16,0,0,NA,69,63,1,6,18,17,19,1,1,5,1,161,1,23,0,0,0,"Quatro"
"Admin_CienContabeis_Tur","FURB","Acad",2008.0,2005.0,14,36,0,NA,157,122,1,6,11,17,38,26,23,26,9,421,8,16,1,0,0,"Quatro"
"Admin_CienContabeis_Tur","IBMEC","Prof",NA,1999.0,15,178,0,NA,85,62,6,9,10,12,4,12,9,14,9,158,5,6,0,0,0,"Quatro"
"Admin_CienContabeis_Tur","PUC/MG","Acad",2008.0,2007.0,13,4,0,NA,59,43,1,1,11,10,13,7,0,9,7,104,6,26,0,0,0,"Quatro"
"Admin_CienContabeis_Tur","UEM","Acad",NA,2000.0,14,47,0,NA,45,34,0,1,2,7,12,6,6,11,0,194,4,37,2,0,0,"Quatro"
"Admin_CienContabeis_Tur","UFBA","Acad",1993.0,1983.0,24,46,22,2.090909091,131,100,3,7,15,24,24,16,11,24,7,362,13,77,0,0,0,"Cinco"
"Admin_CienContabeis_Tur","UFBA","Prof",NA,1998.0,26,89,0,NA,120,102,6,13,15,23,22,13,10,15,3,260,5,101,0,0,13,"Quatro"
"Admin_CienContabeis_Tur","UFMG","Acad",NA,2007.0,11,5,0,NA,72,55,0,2,14,8,17,11,3,11,6,146,1,18,0,0,2,"Quatro"
"Admin_CienContabeis_Tur","UFPB/J.P.","Acad",NA,1976.0,11,42,0,NA,61,49,0,2,8,10,14,7,8,6,6,124,2,18,0,0,0,"Quatro"
"Admin_CienContabeis_Tur","UFPR","Acad",2004.0,1992.0,17,102,8,12.75,89,70,0,13,20,14,13,7,3,7,12,172,0,43,0,0,2,"Quatro"
"Admin_CienContabeis_Tur","UFRJ","Acad",NA,1998.0,10,34,0,NA,65,49,0,0,3,5,15,19,7,7,9,119,7,21,1,0,0,"Quatro"
"Admin_CienContabeis_Tur","UFRN","Acad",2006.0,1978.0,15,61,0,NA,48,43,1,4,7,9,8,11,3,2,3,145,4,29,0,0,0,"Quatro"
"Admin_CienContabeis_Tur","UFSC","Acad",2008.0,1978.0,18,49,0,NA,140,103,2,11,19,11,30,21,9,22,15,269,1,33,2,0,2,"Quatro"
"Admin_CienContabeis_Tur","UFSM","Acad",NA,2003.0,13,44,0,NA,76,69,0,3,5,12,17,13,19,4,3,240,2,17,0,0,0,"Quatro"
"Admin_CienContabeis_Tur","UNB","Acad",2007.0,2007.0,12,82,0,NA,90,58,1,3,8,3,23,12,8,18,14,171,4,12,0,1,4,"Quatro"
"Admin_CienContabeis_Tur","UNESA","Prof",NA,1994.0,10,88,0,NA,53,31,1,4,4,0,6,5,11,18,4,151,1,5,0,0,0,"Quatro"
"Admin_CienContabeis_Tur","UNIFOR","Acad",NA,1995.0,14,66,0,NA,62,57,1,8,12,13,12,8,3,3,2,188,5,5,1,0,0,"Quatro"
"Admin_CienContabeis_Tur","UNIGRANRIO","Acad",NA,2007.0,10,14,0,NA,27,19,1,1,9,2,3,2,1,2,6,77,3,9,0,0,1,"Quatro"
"Admin_CienContabeis_Tur","UNIMEP","Prof",NA,2002.0,12,62,0,NA,46,27,2,5,3,5,5,4,3,12,7,84,10,80,1,0,4,"Quatro"
"Admin_CienContabeis_Tur","UNIVALI","Acad",2007.0,2003.0,18,48,0,NA,79,60,0,6,7,11,17,9,10,14,5,233,4,34,1,0,6,"Quatro"
"Admin_CienContabeis_Tur","UP","Acad",2008.0,2005.0,15,63,0,NA,72,63,0,10,21,10,11,4,7,8,1,140,3,31,0,0,0,"Quatro"
"Admin_CienContabeis_Tur","UPM","Prof",NA,2008.0,10,0,0,NA,50,44,0,1,7,9,20,5,2,4,2,87,0,6,0,0,1,"Quatro"
"Admin_CienContabeis_Tur","USP/RP","Acad",NA,2004.0,20,72,0,NA,98,68,1,6,16,21,10,3,11,22,8,195,5,21,3,4,3,"Quatro"
"Admin_CienContabeis_Tur","USP/RP","Acad",NA,2005.0,12,26,0,NA,67,56,0,7,13,12,9,5,10,6,5,143,15,7,1,0,0,"Quatro"
"Admin_CienContabeis_Tur","FESP/UPE","Prof",NA,2006.0,10,14,0,NA,19,6,0,0,0,2,0,0,4,8,5,33,3,13,2,0,0,"Tres"
"Admin_CienContabeis_Tur","FNH","Acad",NA,2005.0,16,144,0,NA,67,52,0,5,15,11,11,4,6,6,9,204,7,38,0,0,4,"Tres"
"Admin_CienContabeis_Tur","FPL","Prof",NA,2000.0,15,135,0,NA,10,6,0,1,1,1,1,2,0,1,3,52,5,26,1,0,1,"Tres"
"Admin_CienContabeis_Tur","FUCAPE","Acad",NA,2007.0,12,16,0,NA,85,74,4,7,17,20,21,3,2,10,1,198,1,16,0,0,1,"Tres"
"Admin_CienContabeis_Tur","Insper","Prof",NA,2007.0,12,3,0,NA,56,37,11,8,9,7,1,1,0,6,13,95,2,20,0,3,2,"Tres"
"Admin_CienContabeis_Tur","PUC/SP","Acad",NA,1978.0,10,68,0,NA,53,34,1,2,7,7,8,5,4,11,8,175,19,7,0,0,1,"Tres"
"Admin_CienContabeis_Tur","UAM","Acad",NA,2001.0,11,51,0,NA,61,35,0,0,0,6,7,6,16,24,2,205,6,29,1,1,5,"Tres"
"Admin_CienContabeis_Tur","UCS","Acad",NA,2000.0,13,42,0,NA,36,21,0,0,5,4,2,7,3,13,2,173,12,61,3,0,0,"Tres"
"Admin_CienContabeis_Tur","UDESC","Prof",NA,2003.0,16,39,0,NA,37,21,0,1,5,0,7,6,2,5,11,106,3,11,0,0,5,"Tres"
"Admin_CienContabeis_Tur","UECE","Acad",NA,2005.0,9,41,0,NA,42,28,0,1,3,7,9,4,4,10,4,118,0,5,0,1,2,"Tres"
"Admin_CienContabeis_Tur","UFAM","Prof",NA,2006.0,11,16,0,NA,49,44,2,1,3,6,10,13,9,3,2,78,3,22,0,0,3,"Tres"
"Admin_CienContabeis_Tur","UFBA","Acad",NA,2007.0,10,6,0,NA,23,17,0,1,3,4,2,6,1,4,2,87,2,3,0,0,0,"Tres"
"Admin_CienContabeis_Tur","UFC","Acad",NA,2009.0,17,0,0,NA,20,16,0,4,2,6,4,0,0,1,3,65,0,30,0,1,6,"Tres"
"Admin_CienContabeis_Tur","UFES","Acad",NA,2000.0,9,37,0,NA,16,14,0,0,7,4,2,0,1,1,1,99,0,17,1,0,0,"Tres"
"Admin_CienContabeis_Tur","UFMS","Acad",NA,2008.0,9,2,0,NA,34,19,0,0,6,2,6,3,2,13,2,75,1,3,0,0,0,"Tres"
"Admin_CienContabeis_Tur","UFPE","Acad",NA,2007.0,13,13,0,NA,57,47,1,3,6,4,19,9,5,7,3,133,0,27,0,0,2,"Tres"
"Admin_CienContabeis_Tur","UFRN","Acad",NA,2008.0,9,0,0,NA,15,13,0,0,4,3,2,4,0,1,1,46,0,6,0,0,0,"Tres"
"Admin_CienContabeis_Tur","UFRPE","Acad",NA,2003.0,14,36,0,NA,32,27,0,1,1,5,7,8,5,2,3,100,2,31,0,0,1,"Tres"
"Admin_CienContabeis_Tur","UFRRJ","Prof",NA,2000.0,16,80,0,NA,53,31,0,1,2,5,7,8,8,11,11,176,2,13,0,0,0,"Tres"
"Admin_CienContabeis_Tur","UFV","Acad",NA,2005.0,9,33,0,NA,53,38,0,8,5,5,6,8,6,4,11,66,0,9,0,0,0,"Tres"
"Admin_CienContabeis_Tur","UMESP","Acad",NA,2005.0,10,71,0,NA,24,15,0,0,4,2,1,3,5,8,1,56,5,26,1,0,0,"Tres"
"Admin_CienContabeis_Tur","UNAMA","Acad",NA,2009.0,14,0,0,NA,7,3,0,0,2,0,0,0,1,0,4,18,0,8,0,0,1,"Tres"
"Admin_CienContabeis_Tur","UNB","Prof",NA,2007.0,14,19,0,NA,14,5,0,2,0,1,0,0,2,4,5,28,3,16,0,1,3,"Tres"
"Admin_CienContabeis_Tur","UNIFACS","Acad",NA,2000.0,11,54,0,NA,22,18,0,0,4,5,5,2,2,3,1,97,0,14,1,0,0,"Tres"
"Admin_CienContabeis_Tur","UNIP","Acad",NA,2005.0,10,23,0,NA,33,19,0,2,3,2,5,3,4,10,4,78,2,5,0,0,0,"Tres"
"Admin_CienContabeis_Tur","UNISUL","Acad",NA,2007.0,10,2,0,NA,49,38,0,3,8,5,10,10,2,8,3,69,7,21,0,0,6,"Tres"
"Admin_CienContabeis_Tur","UNP","Prof",NA,2006.0,10,28,0,NA,20,17,0,0,6,0,7,2,2,1,2,29,1,18,0,0,1,"Tres"
"Antropologia_Arqueologia","UNB","Acad",1981.0,1972.0,20,43,18,2.388888889,140,122,23,5,40,9,7,29,9,2,16,83,15,104,13,1,12,"Sete"
"Antropologia_Arqueologia","USP","Acad",1989.0,1989.0,18,53,26,2.038461538,132,118,4,7,62,19,9,9,8,1,13,75,25,70,1,0,3,"Cinco"
"Antropologia_Arqueologia","UFPE","Acad",2001.0,1977.0,17,43,15,2.866666667,57,47,3,4,8,3,10,12,7,2,8,173,7,106,5,9,11,"Quatro"
"Antropologia_Arqueologia","UFPE","Acad",2003.0,2003.0,17,19,4,4.75,73,60,0,4,16,10,1,29,0,1,12,80,4,40,1,8,4,"Quatro"
"Antropologia_Arqueologia","UFSCAR","Acad",2009.0,2007.0,9,8,0,NA,47,35,9,1,6,2,2,12,3,3,9,61,4,41,3,4,0,"Quatro"
"Antropologia_Arqueologia","UFPR","Acad",NA,1991.0,14,18,0,NA,27,24,2,5,3,2,4,2,6,0,3,49,9,19,1,9,3,"Tres"
"Antropologia_Arqueologia","UFRN","Acad",NA,2005.0,10,18,0,NA,16,13,1,0,1,1,3,7,0,1,2,28,0,14,1,7,5,"Tres"
"Arquitetura_Urbanismo","UFRGS","Acad",2000.0,1990.0,16,35,7,5.0,58,53,2,7,21,4,2,13,4,0,5,154,7,52,8,7,8,"Cinco"
"Arquitetura_Urbanismo","UFRJ","Acad",2003.0,1985.0,18,65,34,1.911764706,85,64,0,3,8,26,17,6,4,3,18,176,2,111,8,6,2,"Cinco"
"Arquitetura_Urbanismo","UNESP/BAU","Acad",2009.0,1999.0,17,57,0,NA,77,55,0,1,29,3,0,7,15,7,15,312,3,52,0,2,4,"Cinco"
"Arquitetura_Urbanismo","UFAL","Acad",NA,2003.0,13,24,0,NA,9,7,0,0,2,1,1,2,1,0,2,121,0,19,0,6,5,"Quatro"
"Arquitetura_Urbanismo","UFF","Acad",NA,2002.0,16,53,0,NA,28,25,0,0,5,7,1,2,10,0,3,215,2,84,2,1,0,"Quatro"
"Arquitetura_Urbanismo","UFPE","Acad",NA,2003.0,12,37,0,NA,14,10,3,0,0,2,0,4,1,0,4,202,0,18,0,5,2,"Quatro"
"Arquitetura_Urbanismo","UFRGS","Acad",NA,2007.0,20,25,0,NA,36,28,2,4,1,0,0,19,2,0,8,126,2,10,0,7,0,"Quatro"
"Arquitetura_Urbanismo","UFRN","Acad",2007.0,1999.0,13,30,0,NA,26,17,0,3,3,2,1,4,4,0,9,163,11,47,0,4,0,"Quatro"
"Arquitetura_Urbanismo","UFSC","Acad",NA,2001.0,15,61,0,NA,36,33,6,0,6,10,4,6,1,0,3,155,10,14,1,0,2,"Quatro"
"Arquitetura_Urbanismo","UPM","Acad",2006.0,2000.0,16,59,5,11.8,66,43,0,5,17,2,12,2,5,3,20,307,6,51,0,31,6,"Quatro"
"Arquitetura_Urbanismo","UFPB/J.P.","Acad",NA,2008.0,12,0,0,NA,19,13,0,1,5,0,2,3,2,0,6,45,0,8,1,0,0,"Tres"
"Arquitetura_Urbanismo","UFPEL","Acad",NA,2008.0,13,0,0,NA,14,13,1,0,2,0,0,2,8,0,1,62,2,9,1,0,0,"Tres"
"Arquitetura_Urbanismo","UFSC","Acad",NA,2005.0,15,36,0,NA,13,8,0,1,0,2,1,0,4,2,3,78,2,24,0,4,1,"Tres"
"Arquitetura_Urbanismo","UNISINOS","Acad",NA,2008.0,9,2,0,NA,11,6,0,0,0,2,2,1,1,0,5,60,1,8,0,4,2,"Tres"
"Arquitetura_Urbanismo","USJT","Acad",NA,2005.0,10,17,0,NA,41,37,0,0,8,1,0,9,19,0,4,31,5,10,0,4,0,"Tres"
"Artes_Musica","USP","Acad",2006.0,2006.0,23,57,27,2.111111111,64,39,1,20,2,0,1,0,15,5,20,81,22,99,11,321,3,"Seis"
"Artes_Musica","UNIRIO","Acad",2000.0,1991.0,22,75,22,3.409090909,105,30,0,7,2,2,5,7,7,1,74,47,7,63,1,193,11,"Cinco"
"Artes_Musica","UNIRIO","Acad",1998.0,1993.0,19,37,24,1.541666667,122,114,2,2,34,1,9,2,64,0,8,63,4,25,0,522,1,"Cinco"
"Artes_Musica","UFBA","Acad",NA,1992.0,14,34,0,NA,55,51,0,0,1,3,10,0,37,1,3,57,4,25,0,447,2,"Quatro"
"Artes_Musica","UFBA","Acad",1997.0,1990.0,18,52,27,1.925925926,13,12,0,1,2,0,8,1,0,1,0,78,1,18,0,215,4,"Quatro"
"Artes_Musica","UFG","Acad",NA,2003.0,11,45,0,NA,30,20,0,0,0,11,0,3,6,7,3,209,5,41,0,82,4,"Quatro"
"Artes_Musica","UFPB/J.P.","Acad",NA,2004.0,22,25,0,NA,17,14,0,1,9,0,0,0,4,0,3,53,3,4,0,101,0,"Quatro"
"Artes_Musica","UFPR","Acad",NA,2006.0,10,29,0,NA,35,27,2,2,3,2,7,0,11,1,7,107,6,13,3,177,0,"Quatro"
"Artes_Musica","UNB","Acad",2008.0,1994.0,21,39,0,NA,12,8,1,1,0,1,0,2,3,0,4,87,21,46,1,139,8,"Quatro"
"Artes_Musica","UNESP","Acad",2008.0,2002.0,11,52,0,NA,29,24,0,4,8,2,1,1,8,1,4,74,2,24,2,310,2,"Quatro"
"Artes_Musica","USP","Acad",2007.0,2007.0,26,44,15,2.933333333,30,23,1,1,9,1,7,1,3,1,6,69,7,20,8,721,5,"Quatro"
"Artes_Musica","UFES","Acad",NA,2006.0,9,17,0,NA,6,2,0,0,0,1,0,0,1,1,3,79,4,13,2,4,3,"Tres"
"Artes_Musica","UFG","Acad",NA,1995.0,19,34,0,NA,16,7,0,0,0,3,1,1,2,8,1,96,1,34,0,262,4,"Tres"
"Artes_Musica","UFPA","Acad",NA,2009.0,8,0,0,NA,5,4,0,0,1,1,1,1,0,0,1,13,0,11,0,25,5,"Tres"
"Artes_Musica","UFRGS","Acad",NA,2007.0,7,15,0,NA,19,16,0,1,0,4,0,1,10,0,3,38,1,9,1,129,8,"Tres"
"Artes_Musica","UFRN","Acad",NA,2008.0,11,0,0,NA,14,14,0,0,0,1,2,0,11,0,0,16,2,10,2,18,2,"Tres"
"Artes_Musica","UFSM","Acad",NA,2007.0,10,7,0,NA,32,25,0,0,2,2,0,4,17,3,4,96,2,19,9,106,1,"Tres"
"Artes_Musica","UFU","Acad",NA,2009.0,12,0,0,NA,9,9,0,0,1,1,0,6,1,0,0,28,1,11,0,30,4,"Tres"
"Biologicas_I","UNICAMP","Acad",1980.0,1980.0,24,42,49,0.857142857,341,315,53,51,91,33,52,20,15,0,26,9,1,15,0,0,0,"Sete"
"Biologicas_I","UERJ","Acad",1994.0,1975.0,24,51,60,0.85,217,212,32,43,83,26,15,8,5,0,5,0,0,13,0,0,2,"Seis"
"Biologicas_I","UFMG","Acad",2002.0,NA,17,0,20,NA,171,160,34,31,43,12,30,3,7,0,11,31,0,22,0,0,0,"Seis"
"Biologicas_I","UFRGS","Acad",1998.0,1998.0,18,80,37,2.162162162,294,284,39,44,143,40,12,2,4,0,10,0,0,22,0,0,0,"Seis"
"Biologicas_I","UFRJ","Acad",1978.0,1976.0,19,34,20,1.7,245,235,61,39,82,17,18,5,13,0,10,17,1,14,0,0,2,"Seis"
"Biologicas_I","UNB","Acad",1991.0,1973.0,26,45,35,1.285714286,231,224,24,47,91,32,17,2,11,0,7,24,0,28,0,0,1,"Seis"
"Biologicas_I","UNICAMP","Acad",1977.0,1977.0,23,36,45,0.8,385,377,38,32,71,14,107,48,67,0,8,28,9,90,0,1,0,"Seis"
"Biologicas_I","USP","Acad",1970.0,1970.0,21,39,41,0.951219512,258,244,55,41,62,20,32,12,22,0,14,12,4,39,0,0,0,"Seis"
"Biologicas_I","USP","Acad",1970.0,1970.0,22,38,33,1.151515152,242,235,38,26,39,7,61,28,36,0,7,28,11,80,0,0,0,"Seis"
"Biologicas_I","USP/RP","Acad",1971.0,1971.0,24,31,48,0.645833333,362,346,33,48,97,46,54,32,36,1,15,53,6,11,0,0,0,"Seis"
"Biologicas_I","UEFS","Acad",2002.0,2000.0,15,37,30,1.233333333,227,223,13,17,18,13,76,36,50,0,4,78,0,53,0,4,4,"Cinco"
"Biologicas_I","UEL","Acad",2009.0,1989.0,13,46,0,NA,137,134,9,13,44,17,33,8,10,0,3,13,3,10,0,0,0,"Cinco"
"Biologicas_I","UFOP","Acad",2003.0,1995.0,18,70,10,7.0,133,121,9,20,55,25,4,7,1,2,10,26,0,6,0,0,0,"Cinco"
"Biologicas_I","UFPA","Acad",2001.0,2001.0,17,61,9,6.777777778,169,166,24,14,51,26,28,9,14,0,3,1,1,3,0,0,0,"Cinco"
"Biologicas_I","UFPE","Acad",1998.0,1992.0,16,48,16,3.0,161,160,17,21,21,8,34,9,50,0,1,52,1,66,2,1,0,"Cinco"
"Biologicas_I","UFPR","Acad",1974.0,1969.0,17,42,27,1.555555556,267,260,8,16,66,72,35,24,39,0,7,6,3,82,2,0,0,"Cinco"
"Biologicas_I","UFPR","Acad",1987.0,1975.0,14,48,22,2.181818182,190,173,6,18,36,10,52,7,44,0,17,39,7,58,1,1,0,"Cinco"
"Biologicas_I","UFRGS","Acad",1999.0,1994.0,17,40,18,2.222222222,200,192,5,7,57,24,53,11,35,0,8,16,1,68,0,0,0,"Cinco"
"Biologicas_I","UFRRJ","Acad",1995.0,1995.0,14,39,15,2.6,199,197,3,12,34,33,58,16,41,0,2,23,0,7,3,0,0,"Cinco"
"Biologicas_I","UFSCAR","Acad",1991.0,1991.0,17,30,21,1.428571429,162,161,8,22,58,19,47,4,3,0,1,44,0,15,1,0,0,"Cinco"
"Biologicas_I","UNESP/BOT","Acad",2004.0,2004.0,22,60,11,5.454545455,315,306,14,31,119,62,38,13,29,1,8,11,1,13,0,0,1,"Cinco"
"Biologicas_I","UNESP/SJRP","Acad",2006.0,2002.0,16,47,2,23.5,233,227,7,13,72,40,21,29,45,0,6,39,1,29,0,0,0,"Cinco"
"Biologicas_I","UNICAMP","Acad",1994.0,1980.0,29,56,56,1.0,230,222,15,27,102,41,22,5,10,0,8,5,1,48,2,0,0,"Cinco"
"Biologicas_I","USP","Acad",2002.0,2008.0,18,0,22,NA,236,200,46,45,44,18,22,8,17,0,36,48,2,22,0,1,0,"Cinco"
"Biologicas_I","USP/RP","Acad",1998.0,1998.0,25,44,15,2.933333333,215,205,25,32,79,17,27,6,19,0,10,12,2,45,0,0,0,"Cinco"
"Biologicas_I","USP/RP","Acad",1993.0,1980.0,25,35,23,1.52173913,227,222,17,28,52,43,40,24,18,0,5,13,3,41,0,0,0,"Cinco"
"Biologicas_I","PUC/MG","Acad",NA,1998.0,10,31,0,NA,111,106,5,24,37,4,16,4,16,0,5,10,0,20,0,0,0,"Quatro"
"Biologicas_I","UEM","Acad",2009.0,2006.0,17,37,0,NA,169,165,10,8,42,7,48,10,40,0,4,34,3,37,0,0,0,"Quatro"
"Biologicas_I","UEM","Acad",1999.0,1987.0,18,41,31,1.322580645,132,128,4,15,37,25,32,9,6,0,4,65,0,8,0,0,0,"Quatro"
"Biologicas_I","UERJ","Acad",NA,2009.0,15,0,0,NA,20,18,1,3,3,1,1,3,6,0,2,11,0,5,0,0,4,"Quatro"
"Biologicas_I","UFC","Acad",2008.0,2001.0,17,45,0,NA,192,180,5,16,37,14,23,12,73,1,11,34,2,23,0,0,0,"Quatro"
"Biologicas_I","UFES","Acad",2009.0,2001.0,11,30,0,NA,131,129,8,9,42,20,13,14,23,0,2,17,4,32,0,1,0,"Quatro"
"Biologicas_I","UFF","Acad",2002.0,1996.0,16,36,9,4.0,102,101,12,8,25,8,29,6,13,0,1,16,1,35,0,0,1,"Quatro"
"Biologicas_I","UFJF","Acad",NA,2006.0,15,28,0,NA,182,175,11,19,65,27,10,18,25,0,7,8,0,13,0,0,0,"Quatro"
"Biologicas_I","UFPA","Acad",2007.0,2000.0,22,60,0,NA,110,107,8,7,10,10,27,20,25,0,3,41,0,17,0,0,0,"Quatro"
"Biologicas_I","UFPA","Acad",1999.0,1996.0,14,44,11,4.0,200,188,12,17,38,10,34,13,64,2,10,25,0,201,2,1,4,"Quatro"
"Biologicas_I","UFPE","Acad",2008.0,1994.0,18,51,0,NA,170,168,16,28,37,13,19,13,42,0,2,3,6,44,0,0,0,"Quatro"
"Biologicas_I","UFPE","Acad",2000.0,1980.0,18,55,17,3.235294118,157,150,0,4,21,6,43,50,26,0,7,78,1,24,1,0,0,"Quatro"
"Biologicas_I","UFPE","Acad",1994.0,2004.0,22,29,44,0.659090909,204,189,9,23,70,31,33,14,9,0,15,0,0,18,0,0,0,"Quatro"
"Biologicas_I","UFRGS","Acad",1992.0,1969.0,18,26,25,1.04,228,225,9,17,28,11,65,20,75,0,3,12,0,70,0,1,2,"Quatro"
"Biologicas_I","UFRJ","Acad",1997.0,1972.0,19,45,29,1.551724138,181,178,8,14,26,7,59,17,47,0,3,9,3,25,0,0,3,"Quatro"
"Biologicas_I","UFRPE","Acad",1993.0,1973.0,13,35,16,2.1875,174,167,4,6,21,5,57,15,59,0,7,129,4,54,0,0,1,"Quatro"
"Biologicas_I","UFSM","Acad",2009.0,2003.0,11,28,0,NA,105,100,4,10,20,10,25,12,19,0,5,0,4,8,1,0,0,"Quatro"
"Biologicas_I","UFU","Acad",1999.0,1994.0,13,48,26,1.846153846,90,88,4,8,35,20,20,0,1,0,2,0,0,2,0,0,0,"Quatro"
"Biologicas_I","UFV","Acad",2003.0,1995.0,14,41,22,1.863636364,149,146,8,9,25,7,29,35,33,0,3,0,4,36,0,0,0,"Quatro"
"Biologicas_I","UNB","Acad",1998.0,1998.0,29,54,21,2.571428571,303,290,35,36,87,32,39,18,43,0,13,19,3,40,0,1,1,"Quatro"
"Biologicas_I","UNB","Acad",2007.0,1993.0,19,38,0,NA,173,165,27,10,24,7,49,15,33,0,8,15,0,70,0,0,2,"Quatro"
"Biologicas_I","UNESP/BOT","Acad",1990.0,1981.0,14,40,23,1.739130435,131,128,7,6,23,7,32,38,15,0,3,12,0,9,1,0,1,"Quatro"
"Biologicas_I","UNESP/RC","Acad",1976.0,1976.0,16,25,17,1.470588235,238,232,25,19,31,3,81,28,45,0,6,41,0,58,0,0,2,"Quatro"
"Biologicas_I","UNESP/RC","Acad",1976.0,1976.0,27,37,21,1.761904762,418,409,46,37,79,55,65,32,95,1,8,63,1,49,0,0,2,"Quatro"
"Biologicas_I","UNESP/SJRP","Acad",1983.0,1983.0,16,28,21,1.333333333,152,148,10,14,34,19,38,13,20,0,4,32,2,5,1,0,0,"Quatro"
"Biologicas_I","PUC-GOIAS","Acad",NA,2006.0,11,22,0,NA,78,75,10,5,7,7,14,3,29,2,1,3,0,5,0,0,1,"Tres"
"Biologicas_I","UEFS","Acad",NA,2008.0,12,1,0,NA,38,36,1,0,8,4,4,8,11,0,2,9,1,16,0,0,0,"Tres"
"Biologicas_I","UEPG","Acad",NA,2007.0,13,7,0,NA,88,86,7,14,22,8,22,3,10,0,2,64,0,7,0,0,0,"Tres"
"Biologicas_I","UESC","Acad",NA,2003.0,13,49,0,NA,142,136,4,12,25,20,15,5,55,0,6,42,2,44,0,2,0,"Tres"
"Biologicas_I","UFAL","Acad",NA,2009.0,13,0,0,NA,39,35,1,1,10,4,6,6,7,0,4,7,1,6,0,0,0,"Tres"
"Biologicas_I","UFAM","Acad",2006.0,2006.0,18,23,0,NA,119,113,8,13,36,10,11,8,27,0,6,33,1,16,0,0,0,"Tres"
"Biologicas_I","UFES","Acad",2007.0,2007.0,11,4,0,NA,52,50,6,4,19,2,4,2,13,0,2,24,0,32,0,0,2,"Tres"
"Biologicas_I","UFG","Acad",2004.0,1980.0,19,71,13,5.461538462,164,155,0,15,42,23,20,18,37,0,9,0,0,5,0,0,0,"Tres"
"Biologicas_I","UFJF","Acad",NA,1994.0,16,52,0,NA,110,110,3,10,21,33,16,11,16,0,0,9,4,29,0,0,0,"Tres"
"Biologicas_I","UFMS","Acad",NA,2004.0,13,35,0,NA,97,95,3,6,12,7,33,12,22,1,1,49,0,10,1,0,1,"Tres"
"Biologicas_I","UFPE","Acad",2004.0,1992.0,19,47,3,15.66666667,88,84,8,12,12,11,23,9,9,0,4,8,0,17,0,0,0,"Tres"
"Biologicas_I","UFPR","Acad",NA,1979.0,15,36,0,NA,134,133,4,8,9,7,48,18,39,0,1,6,0,24,0,0,1,"Tres"
"Biologicas_I","UFRN","Acad",NA,2004.0,19,25,0,NA,162,151,8,7,39,23,27,23,24,0,11,41,0,23,0,0,1,"Tres"
"Biologicas_I","UFSC","Acad",NA,1999.0,11,34,0,NA,74,69,0,1,10,1,19,13,25,0,5,8,4,42,0,0,1,"Tres"
"Biologicas_I","UFV","Acad",NA,2006.0,16,37,0,NA,115,107,1,8,23,21,8,11,35,0,8,24,2,14,0,0,1,"Tres"
"Biologicas_I","ULBRA","Prof",NA,2002.0,15,35,0,NA,115,111,5,19,59,5,7,5,11,0,4,2,0,3,0,0,0,"Tres"
"Biologicas_I","ULBRA","Prof",NA,2005.0,14,15,0,NA,137,132,9,17,65,17,4,4,16,0,5,4,0,21,0,2,0,"Tres"
"Biologicas_I","UNIMONTES","Acad",NA,2006.0,11,23,0,NA,86,85,16,8,7,13,5,10,26,0,1,77,0,13,0,0,1,"Tres"
"Biologicas_I","UNINILTON","Acad",NA,2006.0,11,23,0,NA,52,46,6,7,7,1,3,16,6,1,5,11,2,14,0,0,0,"Tres"
"Biologicas_I","UNIVALE","Acad",NA,2006.0,11,19,0,NA,83,81,9,19,34,7,0,4,8,0,2,10,0,4,0,0,0,"Tres"
"Biologicas_II","UFMG","Acad",1994.0,1972.0,30,60,50,1.2,320,298,48,57,85,84,16,8,0,15,7,7,0,30,0,0,1,"Sete"
"Biologicas_II","UFRJ","Acad",1963.0,1963.0,61,97,78,1.243589744,487,414,55,78,91,141,37,11,1,40,33,14,0,20,0,0,0,"Sete"
"Biologicas_II","UFRJ","Acad",1996.0,1996.0,26,47,45,1.044444444,329,279,46,59,55,101,11,6,1,37,13,12,5,107,0,0,1,"Sete"
"Biologicas_II","UFRJ","Acad",1988.0,1988.0,46,95,83,1.144578313,370,348,59,85,75,108,16,3,2,8,14,4,3,17,2,0,0,"Sete"
"Biologicas_II","UNIFESP","Acad",1970.0,1970.0,32,62,48,1.291666667,389,340,44,75,127,65,18,9,2,24,25,0,1,26,0,0,0,"Sete"
"Biologicas_II","USP","Acad",1970.0,1970.0,41,20,80,0.25,386,352,57,90,103,62,18,22,0,17,17,1,3,33,0,0,0,"Sete"
"Biologicas_II","USP/RP","Acad",1970.0,1970.0,15,35,38,0.921052632,343,316,30,72,91,112,7,4,0,18,9,1,0,5,0,0,0,"Sete"
"Biologicas_II","UFC","Acad",1991.0,1978.0,21,65,46,1.413043478,238,193,5,9,38,106,19,10,6,34,11,18,0,19,0,0,2,"Seis"
"Biologicas_II","UFRJ","Acad",1995.0,1995.0,36,76,47,1.617021277,344,291,46,59,51,105,17,10,3,32,21,10,16,45,0,0,1,"Seis"
"Biologicas_II","UNICAMP","Acad",1990.0,1985.0,31,73,54,1.351851852,393,352,26,66,106,90,32,25,7,21,20,0,0,20,0,0,0,"Seis"
"Biologicas_II","USP","Acad",1972.0,1972.0,18,37,37,1.0,158,143,15,31,38,45,9,5,0,6,9,9,1,16,0,0,0,"Seis"
"Biologicas_II","USP","Acad",1994.0,1994.0,23,47,36,1.305555556,196,184,18,59,47,54,5,1,0,11,1,0,0,64,2,0,0,"Seis"
"Biologicas_II","USP","Acad",1982.0,1977.0,14,15,21,0.714285714,234,216,31,48,56,50,21,10,0,10,8,11,0,23,0,0,0,"Seis"
"Biologicas_II","UFPR","Acad",2002.0,1979.0,26,45,17,2.647058824,197,162,9,25,47,49,14,15,3,19,16,1,0,4,0,0,0,"Cinco"
"Biologicas_II","UFPR","Acad",1965.0,1965.0,24,38,26,1.461538462,147,141,13,12,40,53,12,11,0,2,4,2,0,3,0,0,0,"Cinco"
"Biologicas_II","UFRGS","Acad",1987.0,1976.0,18,28,26,1.076923077,157,131,5,22,32,52,14,6,0,19,7,13,0,13,1,0,2,"Cinco"
"Biologicas_II","UFSM","Acad",2003.0,1998.0,17,52,29,1.793103448,235,222,6,25,73,106,10,2,0,4,9,1,0,2,0,0,0,"Cinco"
"Biologicas_II","USP","Acad",1994.0,1994.0,19,34,17,2.0,136,102,5,15,30,34,6,12,0,14,20,5,1,28,0,0,0,"Cinco"
"Biologicas_II","USP/RP","Acad",1970.0,1970.0,20,44,23,1.913043478,137,126,17,23,41,31,10,4,0,9,2,2,0,35,0,0,0,"Cinco"
"Biologicas_II","UERJ","Acad",2003.0,1993.0,14,47,18,2.611111111,152,115,3,14,35,43,16,3,1,23,14,2,1,5,0,0,0,"Quatro"
"Biologicas_II","UFC","Prof",NA,2001.0,19,14,0,NA,183,151,2,7,30,72,20,10,10,29,3,8,0,9,0,0,0,"Quatro"
"Biologicas_II","UFF","Acad",2003.0,1998.0,15,33,11,3.0,99,86,2,13,34,27,4,5,1,8,5,38,1,2,0,0,0,"Quatro"
"Biologicas_II","UFPE","Acad",2008.0,1967.0,21,79,0,NA,146,128,9,24,34,42,9,5,5,6,12,27,0,7,1,0,0,"Quatro"
"Biologicas_II","UFPR","Acad",2005.0,2000.0,11,43,7,6.142857143,83,80,2,4,35,35,1,1,2,2,1,0,0,3,0,0,0,"Quatro"
"Biologicas_II","UFRGS","Acad",2000.0,1996.0,17,31,14,2.214285714,87,77,2,10,16,46,2,1,0,5,5,23,1,4,0,0,0,"Quatro"
"Biologicas_II","UFRN","Acad",2009.0,1996.0,13,29,0,NA,68,52,1,6,12,17,10,6,0,13,3,7,0,3,0,1,0,"Quatro"
"Biologicas_II","UFSC","Acad",2008.0,2008.0,14,1,0,NA,119,114,7,19,41,40,5,2,0,0,5,3,0,4,0,0,0,"Quatro"
"Biologicas_II","UFSC","Prof",NA,2009.0,14,0,0,NA,57,55,7,17,14,15,0,1,1,1,1,0,0,3,0,0,0,"Quatro"
"Biologicas_II","UFSM","Acad",2009.0,2006.0,23,17,0,NA,216,202,8,20,68,84,10,9,3,10,4,1,1,10,0,0,0,"Quatro"
"Biologicas_II","UNESP/BOT","Acad",2006.0,1988.0,14,29,3,9.666666667,90,90,4,7,25,40,11,2,1,0,0,5,1,8,0,0,0,"Quatro"
"Biologicas_II","UNESP/SJRP","Acad",1993.0,1993.0,18,16,18,0.888888889,118,104,5,24,26,23,8,16,2,7,7,5,1,1,0,0,0,"Quatro"
"Biologicas_II","USP","Acad",1972.0,1986.0,11,22,14,1.571428571,111,95,9,20,22,37,3,4,0,11,5,16,1,26,0,0,0,"Quatro"
"Biologicas_II","UFES","Acad",1993.0,1989.0,13,47,20,2.35,69,50,4,15,10,17,4,0,0,15,4,0,0,7,0,0,0,"Tres"
"Biologicas_II","UFTM","Acad",NA,2008.0,15,0,0,NA,50,39,3,2,10,13,3,8,0,8,3,0,0,5,0,0,0,"Tres"
"Biologicas_II","UNIFESP","Acad",1992.0,1988.0,28,37,19,1.947368421,319,238,15,41,56,77,22,24,3,61,20,9,1,22,0,0,0,"Tres"
"Biologicas_III","USP","Acad",1983.0,1983.0,27,41,39,1.051282051,296,261,25,49,53,93,16,14,11,15,20,16,0,27,0,0,0,"Sete"
"Biologicas_III","USP/RP","Acad",1990.0,1990.0,21,36,28,1.285714286,436,386,56,53,87,95,52,26,17,21,29,1,0,6,0,0,0,"Sete"
"Biologicas_III","UFMG","Acad",1977.0,1969.0,23,33,33,1.0,228,211,6,21,37,59,42,22,24,12,5,6,0,11,0,1,0,"Seis"
"Biologicas_III","UFRJ","Acad",1965.0,1965.0,52,60,59,1.016949153,423,370,39,51,76,113,62,22,7,24,29,13,1,27,0,0,1,"Seis"
"Biologicas_III","USP","Acad",1976.0,1976.0,28,26,28,0.928571429,274,251,15,36,41,88,33,29,9,11,12,4,0,5,0,0,0,"Seis"
"Biologicas_III","UFBA","Acad",1998.0,1990.0,25,34,17,2.0,160,127,15,12,25,37,13,11,14,19,14,10,0,13,0,0,1,"Quatro"
"Biologicas_III","UFC","Acad",2009.0,2002.0,11,19,0,NA,69,55,1,4,10,19,14,5,2,9,5,4,1,15,0,0,0,"Quatro"
"Biologicas_III","UFPEL","Acad",NA,2004.0,9,18,0,NA,85,63,1,1,6,15,6,21,13,19,3,21,0,21,0,1,0,"Quatro"
"Biologicas_III","UNESP/SJRP","Acad",NA,2006.0,15,22,0,NA,128,103,5,6,9,25,24,15,19,16,9,10,0,9,0,0,0,"Quatro"
"Biologicas_III","UNICAMP","Acad",1988.0,1988.0,12,19,11,1.727272727,103,86,3,5,8,16,11,16,27,12,5,7,0,10,0,0,0,"Quatro"
"Biologicas_III","UNIR","Acad",2005.0,2001.0,15,39,2,19.5,76,31,1,2,6,5,9,4,4,10,35,9,0,0,0,0,0,"Quatro"
"Biotecnologia","UFPR","Acad",1997.0,2004.0,12,28,14,2.0,165,121,2,13,19,23,24,40,0,31,13,92,4,25,0,0,0,"Cinco"
"Biotecnologia","UFSC","Acad",2005.0,1995.0,16,30,6,5.0,163,148,13,21,37,38,18,20,1,4,11,0,1,20,0,0,0,"Cinco"
"Biotecnologia","UMC","Acad",2005.0,2000.0,19,74,9,8.222222222,110,100,4,13,21,18,21,21,2,3,7,21,0,12,0,0,1,"Cinco"
"Biotecnologia","USP/EEL","Acad",2000.0,1994.0,14,17,12,1.416666667,74,65,0,2,9,18,30,4,2,6,3,44,0,12,0,0,1,"Cinco"
"Biotecnologia","UFOP","Acad",NA,2009.0,11,0,0,NA,34,26,0,2,6,13,2,3,0,0,8,3,0,2,0,0,0,"Quatro"
"Biotecnologia","UFRJ","Acad",1963.0,1963.0,11,28,15,1.866666667,111,103,3,13,29,27,20,11,0,3,5,36,0,22,0,0,3,"Quatro"
"Biotecnologia","UFSCAR","Acad",2004.0,2004.0,39,19,4,4.75,408,320,8,27,74,62,60,85,4,26,62,350,0,44,0,0,6,"Quatro"
"Biotecnologia","UNAERP","Acad",2009.0,1999.0,10,35,0,NA,71,62,0,4,17,17,5,17,2,6,3,7,1,14,0,0,0,"Quatro"
"Biotecnologia","UNESP/ARAR","Acad",1995.0,1995.0,15,21,12,1.75,117,98,8,3,31,22,20,14,0,8,11,30,0,8,0,0,0,"Quatro"
"Biotecnologia","UFRRJ","Acad",NA,2006.0,14,10,0,NA,55,35,0,0,3,5,2,25,0,19,1,46,0,10,0,0,0,"Tres"
"CienAgrarias_I","UFV","Acad",1988.0,1970.0,11,37,23,1.608695652,144,135,28,19,28,23,15,6,16,0,9,12,1,42,0,0,0,"Sete"
"CienAgrarias_I","UFV","Acad",1996.0,1984.0,19,60,37,1.621621622,262,233,10,69,117,17,8,5,7,5,24,39,0,30,0,0,4,"Sete"
"CienAgrarias_I","USP/ESALQ","Acad",1970.0,1964.0,16,24,38,0.631578947,144,134,28,30,56,12,3,2,3,0,10,44,1,27,0,0,0,"Sete"
"CienAgrarias_I","USP/ESALQ","Acad",1970.0,1964.0,18,32,36,0.888888889,303,288,42,48,146,24,2,9,17,2,13,98,1,37,2,3,0,"Sete"
"CienAgrarias_I","USP/ESALQ","Acad",1972.0,1968.0,12,34,30,1.133333333,174,173,4,47,80,18,6,13,5,0,1,12,4,33,0,0,0,"Sete"
"CienAgrarias_I","UFRRJ","Acad",1982.0,1972.0,19,38,31,1.225806452,159,156,4,13,65,32,6,15,21,0,3,70,0,36,0,0,0,"Seis"
"CienAgrarias_I","UFSC","Acad",2003.0,1998.0,12,26,15,1.733333333,97,88,7,12,29,18,3,5,14,2,7,19,2,39,0,0,1,"Seis"
"CienAgrarias_I","UFV","Acad",1982.0,1977.0,21,66,30,2.2,207,193,7,21,91,46,8,2,18,4,10,30,5,27,0,0,0,"Seis"
"CienAgrarias_I","UFV","Acad",1996.0,1970.0,10,47,27,1.740740741,76,71,14,5,32,10,2,1,7,0,5,31,0,8,0,0,0,"Seis"
"CienAgrarias_I","USP/ESALQ","Acad",1970.0,1964.0,10,28,21,1.333333333,126,123,12,29,25,32,4,5,16,1,2,5,0,25,0,0,1,"Seis"
"CienAgrarias_I","USP/ESALQ","Acad",1986.0,1968.0,17,65,46,1.413043478,223,219,4,12,75,75,17,7,29,1,3,172,1,74,0,0,3,"Seis"
"CienAgrarias_I","UEM","Acad",1999.0,1995.0,22,57,37,1.540540541,270,258,6,17,74,96,19,6,40,1,11,159,2,20,0,0,0,"Cinco"
"CienAgrarias_I","UEM","Acad",2005.0,2002.0,16,42,14,3.0,172,156,2,18,59,25,13,7,32,2,14,31,3,2,0,0,0,"Cinco"
"CienAgrarias_I","UENF","Acad",2005.0,2005.0,12,24,17,1.411764706,125,122,9,6,41,49,9,2,6,2,1,94,0,5,0,0,0,"Cinco"
"CienAgrarias_I","UFERSA","Acad",2005.0,1989.0,10,40,27,1.481481481,168,167,3,1,42,51,15,9,46,0,1,91,0,17,0,0,0,"Cinco"
"CienAgrarias_I","UFLA","Acad",1999.0,1984.0,10,32,18,1.777777778,110,107,1,3,25,36,25,8,9,0,3,121,0,37,0,0,1,"Cinco"
"CienAgrarias_I","UFLA","Acad",1997.0,1997.0,11,42,25,1.68,115,111,0,13,21,56,4,9,8,0,4,36,1,28,0,4,1,"Cinco"
"CienAgrarias_I","UFLA","Acad",2006.0,1998.0,14,37,8,4.625,166,126,26,45,21,23,3,3,5,5,35,88,0,3,0,0,0,"Cinco"
"CienAgrarias_I","UFLA","Acad",2000.0,1993.0,20,55,22,2.5,139,128,7,3,12,84,12,5,5,5,6,106,0,84,0,0,0,"Cinco"
"CienAgrarias_I","UFLA","Acad",2003.0,1996.0,12,41,21,1.952380952,137,121,3,8,23,43,3,2,39,4,12,69,3,7,0,0,0,"Cinco"
"CienAgrarias_I","UFMT","Acad",2005.0,1993.0,18,51,7,7.285714286,145,119,8,9,23,43,6,10,20,11,15,160,2,16,1,0,1,"Cinco"
"CienAgrarias_I","UFPB/AREIA","Acad",2001.0,1979.0,18,45,32,1.40625,300,287,3,3,29,75,50,20,107,2,11,377,2,59,2,0,0,"Cinco"
"CienAgrarias_I","UFPEL","Acad",1991.0,1985.0,15,63,59,1.06779661,222,209,0,4,54,68,20,16,47,0,13,273,1,52,0,0,9,"Cinco"
"CienAgrarias_I","UFPR","Acad",1995.0,1994.0,19,44,37,1.189189189,193,187,0,5,30,61,9,13,69,2,4,47,3,11,0,0,0,"Cinco"
"CienAgrarias_I","UFRGS","Acad",1987.0,1965.0,13,30,26,1.153846154,151,147,9,16,84,21,0,6,11,1,3,160,0,23,0,0,1,"Cinco"
"CienAgrarias_I","UFRGS","Acad",1987.0,1965.0,30,54,27,2.0,192,182,6,12,65,54,6,10,29,0,10,211,0,32,0,2,5,"Cinco"
"CienAgrarias_I","UFRPE","Acad",2004.0,1976.0,10,23,10,2.3,110,109,8,20,42,20,9,3,7,0,1,11,1,15,1,0,0,"Cinco"
"CienAgrarias_I","UFSM","Acad",1999.0,1971.0,28,53,31,1.709677419,286,281,4,9,55,169,14,6,24,0,5,131,4,8,0,0,1,"Cinco"
"CienAgrarias_I","UFSM","Acad",2003.0,2003.0,14,42,12,3.5,150,140,7,8,72,34,0,8,11,0,10,21,5,15,0,0,0,"Cinco"
"CienAgrarias_I","UFV","Acad",2006.0,1983.0,20,63,2,31.5,196,170,20,54,56,21,1,5,13,4,22,22,4,12,0,0,0,"Cinco"
"CienAgrarias_I","UFV","Acad",1999.0,1999.0,17,47,19,2.473684211,153,132,30,31,33,13,6,4,15,11,10,48,4,8,1,0,0,"Cinco"
"CienAgrarias_I","UFV","Acad",1989.0,1975.0,27,83,31,2.677419355,226,212,1,9,24,118,17,8,35,2,12,156,14,47,0,0,0,"Cinco"
"CienAgrarias_I","UFV","Acad",1972.0,1961.0,26,76,57,1.333333333,477,468,7,27,213,129,38,15,39,0,9,9,19,128,10,0,0,"Cinco"
"CienAgrarias_I","UNB","Acad",1991.0,1976.0,13,21,11,1.909090909,88,82,6,12,17,21,4,9,13,1,5,7,3,14,0,0,0,"Cinco"
"CienAgrarias_I","UNESP/BOT","Acad",1988.0,1988.0,16,34,33,1.03030303,195,194,1,7,79,84,5,5,13,0,1,146,2,8,2,0,2,"Cinco"
"CienAgrarias_I","UNESP/BOT","Acad",1988.0,1988.0,12,14,22,0.636363636,112,105,3,5,20,18,36,8,15,0,7,157,0,20,2,0,1,"Cinco"
"CienAgrarias_I","UNESP/BOT","Acad",1987.0,1987.0,15,29,21,1.380952381,208,195,3,10,55,54,20,12,41,0,13,58,6,17,1,1,1,"Cinco"
"CienAgrarias_I","UNESP/IS","Acad",2004.0,1995.0,22,60,43,1.395348837,166,163,7,2,39,49,11,10,45,1,2,327,0,15,0,0,0,"Cinco"
"CienAgrarias_I","UNESP/JAB","Acad",1997.0,1988.0,12,29,20,1.45,140,140,3,19,41,30,14,16,17,0,0,22,3,32,0,0,0,"Cinco"
"CienAgrarias_I","UNESP/JAB","Acad",1999.0,1985.0,15,31,24,1.291666667,167,155,12,10,51,37,31,1,13,3,9,34,0,4,0,0,0,"Cinco"
"CienAgrarias_I","UNESP/JAB","Acad",1984.0,1976.0,31,69,66,1.045454545,580,566,10,15,160,170,65,48,98,4,10,80,16,53,3,0,0,"Cinco"
"CienAgrarias_I","UNICAMP","Acad",1993.0,1977.0,26,59,50,1.18,314,280,1,22,69,83,10,7,88,3,31,519,0,45,1,0,1,"Cinco"
"CienAgrarias_I","USP/ESALQ","Acad",1979.0,1964.0,10,25,17,1.470588235,182,162,2,12,64,31,2,10,41,2,18,48,3,0,0,0,0,"Cinco"
"CienAgrarias_I","USP/ESALQ","Acad",2001.0,1976.0,9,14,10,1.4,102,96,6,8,36,24,1,4,17,0,6,135,0,7,0,0,0,"Cinco"
"CienAgrarias_I","USP/ESALQ","Acad",2003.0,1988.0,12,21,15,1.4,85,84,9,14,33,9,10,6,3,1,0,17,4,21,0,0,0,"Cinco"
"CienAgrarias_I","USP/ESALQ","Acad",1990.0,1977.0,9,20,24,0.833333333,102,96,2,6,23,28,22,4,11,3,3,90,0,5,0,0,0,"Cinco"
"CienAgrarias_I","USP/ESALQ","Acad",2000.0,2000.0,26,50,20,2.5,223,202,18,16,27,40,28,18,55,1,20,71,4,40,0,0,1,"Cinco"
"CienAgrarias_I","UEPG","Acad",NA,2003.0,15,25,0,NA,108,105,2,11,27,40,6,3,16,1,2,202,0,10,0,0,0,"Quatro"
"CienAgrarias_I","UESB","Acad",NA,2002.0,12,37,0,NA,86,77,0,1,20,23,4,3,26,3,6,38,1,4,0,0,0,"Quatro"
"CienAgrarias_I","UFAL","Acad",NA,1999.0,18,46,0,NA,104,87,2,8,15,23,7,1,31,0,17,24,0,4,0,0,0,"Quatro"
"CienAgrarias_I","UFC","Acad",1994.0,1973.0,18,30,19,1.578947368,85,84,0,6,11,56,2,3,6,0,1,30,0,5,0,0,3,"Quatro"
"CienAgrarias_I","UFC","Acad",NA,1976.0,12,28,0,NA,98,93,6,10,20,31,5,5,16,2,3,27,3,14,0,0,1,"Quatro"
"CienAgrarias_I","UFC","Acad",2008.0,1976.0,14,43,0,NA,102,96,1,4,11,48,13,9,10,3,3,73,1,8,1,0,0,"Quatro"
"CienAgrarias_I","UFES","Acad",NA,2003.0,11,24,0,NA,57,50,1,5,13,15,7,3,6,1,6,35,4,38,0,0,0,"Quatro"
"CienAgrarias_I","UFES","Acad",NA,2004.0,26,60,0,NA,261,254,2,6,64,96,17,14,55,1,6,290,9,105,1,0,5,"Quatro"
"CienAgrarias_I","UFG","Acad",1993.0,1985.0,29,46,37,1.243243243,173,166,6,9,41,23,4,59,24,0,7,151,0,21,0,0,4,"Quatro"
"CienAgrarias_I","UFLA","Acad",2000.0,1988.0,10,35,20,1.75,151,146,0,1,24,82,16,13,10,0,5,129,1,8,0,0,1,"Quatro"
"CienAgrarias_I","UFLA","Acad",NA,2006.0,12,15,0,NA,107,100,5,8,25,41,10,1,10,2,5,60,0,13,0,0,0,"Quatro"
"CienAgrarias_I","UFLA","Acad",2007.0,2007.0,9,21,5,4.2,85,80,0,4,7,50,12,3,4,0,5,76,0,4,0,0,0,"Quatro"
"CienAgrarias_I","UFLA","Acad",2001.0,1990.0,19,43,17,2.529411765,153,142,0,11,21,76,16,4,14,2,9,231,3,31,0,0,2,"Quatro"
"CienAgrarias_I","UFPB/AREIA","Acad",NA,1977.0,12,29,0,NA,145,138,0,5,24,41,5,11,52,2,5,93,0,20,0,0,0,"Quatro"
"CienAgrarias_I","UFPEL","Acad",1996.0,1996.0,10,29,25,1.16,95,86,0,0,5,47,0,13,21,1,8,8,2,6,64,0,0,"Quatro"
"CienAgrarias_I","UFPEL","Acad",2006.0,2006.0,16,13,2,6.5,75,66,0,1,17,19,6,7,16,0,9,207,4,20,0,0,6,"Quatro"
"CienAgrarias_I","UFPR","Acad",NA,1978.0,11,52,0,NA,137,134,3,9,33,27,2,20,40,1,2,15,3,26,0,0,3,"Quatro"
"CienAgrarias_I","UFPR","Acad",1982.0,1973.0,38,70,59,1.186440678,348,303,1,4,25,64,24,128,57,11,34,181,7,40,0,0,0,"Quatro"
"CienAgrarias_I","UFRB","Acad",1979.0,1979.0,27,68,3,22.66666667,169,159,8,16,32,41,8,2,52,0,10,226,2,35,2,2,3,"Quatro"
"CienAgrarias_I","UFRGS","Acad",2005.0,1989.0,16,32,7,4.571428571,125,107,14,33,28,4,5,3,20,2,16,21,0,2,0,0,0,"Quatro"
"CienAgrarias_I","UFRPE","Acad",NA,2003.0,13,27,0,NA,67,65,0,3,13,13,5,19,12,0,2,65,2,13,0,0,0,"Quatro"
"CienAgrarias_I","UFRPE","Acad",2007.0,2002.0,11,32,0,NA,115,109,5,8,20,20,9,20,27,1,5,47,0,2,0,0,1,"Quatro"
"CienAgrarias_I","UFRPE","Acad",2008.0,2005.0,11,25,0,NA,89,85,0,5,23,21,5,18,13,1,3,179,0,7,1,0,0,"Quatro"
"CienAgrarias_I","UFRPE","Acad",1998.0,1976.0,11,18,18,1.0,58,58,0,4,11,22,0,6,15,0,0,13,1,7,0,0,1,"Quatro"
"CienAgrarias_I","UFRRJ","Acad",1997.0,1989.0,19,19,16,1.1875,142,140,7,13,49,35,6,10,20,1,1,89,2,21,0,0,0,"Quatro"
"CienAgrarias_I","UFSM","Acad",2001.0,1972.0,17,42,19,2.210526316,172,157,4,6,49,55,7,5,31,0,15,80,0,12,0,0,0,"Quatro"
"CienAgrarias_I","UFSM","Acad",2008.0,1975.0,12,32,0,NA,45,32,0,0,1,9,0,2,20,2,11,241,1,24,0,0,2,"Quatro"
"CienAgrarias_I","UFU","Acad",2007.0,2000.0,17,57,0,NA,121,114,0,3,31,27,3,26,24,0,7,128,0,13,0,1,2,"Quatro"
"CienAgrarias_I","UFV","Acad",2002.0,1981.0,10,22,18,1.222222222,84,72,12,6,5,11,4,3,31,0,12,126,11,20,0,0,0,"Quatro"
"CienAgrarias_I","UFV","Acad",NA,2006.0,9,12,0,NA,196,182,1,5,62,53,21,16,24,2,12,51,6,6,0,0,0,"Quatro"
"CienAgrarias_I","UFV","Prof",NA,2008.0,10,1,0,NA,91,83,4,13,27,21,2,2,14,4,4,36,1,3,0,0,0,"Quatro"
"CienAgrarias_I","UNB","Acad",2008.0,2008.0,15,9,0,NA,86,85,5,5,38,9,7,13,8,0,1,0,3,25,0,0,5,"Quatro"
"CienAgrarias_I","UNB","Acad",2004.0,1997.0,18,55,13,4.230769231,128,110,7,5,23,40,11,8,16,3,15,134,5,44,0,0,5,"Quatro"
"CienAgrarias_I","UNESP/BOT","Acad",2007.0,2007.0,15,8,0,NA,126,110,3,5,17,24,11,16,34,1,15,114,2,21,1,0,2,"Quatro"
"CienAgrarias_I","UNESP/RC","Acad",1989.0,1989.0,13,26,16,1.625,123,103,20,22,32,3,5,3,18,2,18,76,0,14,0,0,0,"Quatro"
"CienAgrarias_I","UNIOESTE","Acad",2009.0,2001.0,15,55,0,NA,200,173,2,2,28,39,29,10,63,13,14,382,0,18,0,0,0,"Quatro"
"CienAgrarias_I","UNOESTE","Acad",NA,2004.0,10,35,0,NA,64,59,0,0,10,23,7,7,12,0,5,3,0,5,0,0,0,"Quatro"
"CienAgrarias_I","UPF","Acad",2004.0,1996.0,20,45,15,3.0,133,126,3,3,51,38,4,10,17,3,4,48,13,39,0,0,0,"Quatro"
"CienAgrarias_I","UTFPR","Acad",NA,2007.0,15,16,0,NA,128,118,4,2,46,35,10,2,19,2,8,159,0,13,0,0,3,"Quatro"
"CienAgrarias_I","FUFSE","Acad",NA,2008.0,18,1,0,NA,62,45,4,5,15,9,4,2,6,5,12,84,0,8,0,0,0,"Tres"
"CienAgrarias_I","FUNDECITRU","Prof",NA,2009.0,8,0,0,NA,22,20,1,6,4,2,0,0,7,0,2,4,0,0,0,0,0,"Tres"
"CienAgrarias_I","IFGoiano","Acad",NA,2009.0,10,0,0,NA,17,15,1,0,0,2,2,4,6,0,2,9,0,0,0,0,0,"Tres"
"CienAgrarias_I","UEG","Acad",NA,2006.0,12,18,0,NA,36,30,0,0,5,13,3,1,8,1,5,61,1,6,0,0,0,"Tres"
"CienAgrarias_I","UEMS","Acad",NA,2009.0,15,0,0,NA,20,19,0,1,6,6,2,0,4,0,1,52,0,1,0,0,1,"Tres"
"CienAgrarias_I","UESC","Acad",NA,2004.0,20,35,0,NA,74,69,7,5,31,11,1,5,9,0,5,19,1,31,0,0,0,"Tres"
"CienAgrarias_I","UFAM","Acad",NA,2003.0,10,51,0,NA,41,38,2,1,8,19,1,6,1,1,2,0,3,14,0,0,0,"Tres"
"CienAgrarias_I","UFCG","Acad",NA,2008.0,11,3,0,NA,51,46,2,0,6,8,3,1,26,2,3,81,0,2,0,0,2,"Tres"
"CienAgrarias_I","UFERSA","Acad",NA,2008.0,10,1,0,NA,71,70,0,2,14,13,3,10,28,0,1,1,0,7,0,0,0,"Tres"
"CienAgrarias_I","UFES","Acad",NA,2008.0,19,1,0,NA,130,127,0,5,20,31,8,12,51,0,3,217,4,86,0,0,8,"Tres"
"CienAgrarias_I","UFG","Acad",NA,2006.0,11,22,0,NA,41,39,0,2,6,10,3,8,10,2,0,28,0,2,1,0,1,"Tres"
"CienAgrarias_I","UFMG","Acad",NA,2006.0,21,21,0,NA,114,110,0,0,30,38,8,4,30,0,4,102,0,33,3,0,0,"Tres"
"CienAgrarias_I","UFPA","Acad",NA,2000.0,14,26,0,NA,34,24,1,1,2,0,0,7,13,3,7,76,0,49,0,1,2,"Tres"
"CienAgrarias_I","UFPEL","Prof",NA,2000.0,8,36,0,NA,66,50,0,0,1,15,0,6,28,3,13,0,3,6,6,0,0,"Tres"
"CienAgrarias_I","UFRA","Acad",2000.0,NA,21,0,32,NA,134,95,10,5,5,25,2,16,32,17,22,119,5,85,3,0,2,"Tres"
"CienAgrarias_I","UFRB","Acad",NA,2008.0,11,0,0,NA,45,43,2,9,11,14,0,0,7,0,2,35,1,6,0,0,0,"Tres"
"CienAgrarias_I","UFRB","Acad",NA,2008.0,15,0,0,NA,50,48,2,0,20,7,2,0,17,0,2,124,0,23,0,0,2,"Tres"
"CienAgrarias_I","UFRPE","Acad",NA,2003.0,10,44,0,NA,52,21,0,0,0,0,0,1,20,9,22,102,13,42,4,2,2,"Tres"
"CienAgrarias_I","UFSC","Acad",NA,1995.0,10,54,0,NA,85,66,0,3,9,6,1,3,44,1,18,69,8,23,0,0,3,"Tres"
"CienAgrarias_I","UFSC","Prof",NA,2009.0,8,0,0,NA,7,7,0,0,0,0,0,0,7,0,0,2,0,0,0,0,0,"Tres"
"CienAgrarias_I","UFSCAR","Acad",NA,2006.0,19,24,0,NA,66,54,1,3,10,5,4,8,23,1,11,105,3,49,0,1,2,"Tres"
"CienAgrarias_I","UFVJM","Acad",NA,2006.0,15,18,0,NA,58,54,0,0,28,18,2,2,4,1,3,66,1,9,0,0,0,"Tres"
"CienAgrarias_I","UNEB","Acad",NA,2006.0,12,10,0,NA,32,32,0,3,6,6,4,2,11,0,0,8,0,4,0,0,0,"Tres"
"CienAgrarias_I","UNESP/JAB","Acad",1997.0,1990.0,13,20,13,1.538461538,104,102,0,0,8,51,18,6,19,0,2,32,3,5,0,0,0,"Tres"
"CienAgrarias_I","UNICENTRO","Acad",NA,2007.0,8,8,0,NA,91,75,1,2,1,16,4,31,20,2,14,32,5,12,2,0,1,"Tres"
"CienAgrarias_I","UNIDERP","Prof",NA,2002.0,14,42,0,NA,54,43,0,1,16,15,1,0,10,5,6,108,1,18,0,0,1,"Tres"
"CienAgrarias_I","UNIFENAS","Prof",NA,2006.0,10,14,0,NA,38,34,0,1,11,8,2,2,10,1,3,53,0,7,0,0,0,"Tres"
"CienAgrarias_I","UNIPAR","Acad",NA,2006.0,10,8,0,NA,72,69,2,7,26,13,3,9,9,0,3,12,4,2,0,0,0,"Tres"
"CienAgrarias_I","USP/ESALQ","Acad",NA,1989.0,5,20,0,NA,22,21,1,2,9,5,0,0,4,0,1,44,3,10,0,0,1,"Tres"
"Ciencia_Alimentos","UNICAMP","Acad",1981.0,1969.0,14,52,40,1.3,167,138,5,58,38,31,0,1,5,11,18,202,1,19,0,0,0,"Sete"
"Ciencia_Alimentos","UNICAMP","Acad",1987.0,1987.0,9,35,28,1.25,99,80,7,15,15,24,16,1,2,15,4,20,4,14,0,0,1,"Seis"
"Ciencia_Alimentos","UFMG","Acad",2002.0,1974.0,15,42,11,3.818181818,105,83,15,16,14,22,4,4,8,7,15,49,0,18,0,0,0,"Cinco"
"Ciencia_Alimentos","UFRJ","Acad",1999.0,2000.0,15,33,14,2.357142857,110,87,18,18,26,15,1,4,5,7,16,71,0,13,1,0,0,"Cinco"
"Ciencia_Alimentos","UFSC","Acad",2004.0,1999.0,12,38,8,4.75,99,87,9,28,28,16,5,1,0,7,5,62,0,5,0,0,0,"Cinco"
"Ciencia_Alimentos","UNESP/SJRP","Acad",2005.0,1998.0,17,39,10,3.9,124,114,3,11,29,38,13,2,18,3,7,85,3,7,0,0,1,"Cinco"
"Ciencia_Alimentos","UNICAMP","Acad",1978.0,1969.0,14,49,32,1.53125,155,130,2,22,27,40,22,6,11,16,9,92,0,7,1,0,0,"Cinco"
"Ciencia_Alimentos","UFPEL","Acad",2000.0,1985.0,10,41,22,1.863636364,70,56,4,1,3,24,15,4,5,8,6,125,17,6,0,0,0,"Quatro"
"Ciencia_Alimentos","UFPR","Acad",2000.0,1983.0,14,29,12,2.416666667,97,84,2,5,10,21,24,7,15,8,5,55,0,1,0,0,1,"Quatro"
"Ciencia_Alimentos","UFRGS","Acad",NA,2005.0,10,24,0,NA,112,97,10,6,32,34,6,5,4,6,9,45,0,4,0,0,0,"Quatro"
"Ciencia_Alimentos","UFSM","Acad",2009.0,1985.0,11,45,0,NA,90,83,7,4,3,51,8,1,9,4,3,11,0,1,0,0,0,"Quatro"
"Ciencia_Alimentos","UNESP/ARAR","Acad",2005.0,1989.0,19,59,19,3.105263158,156,105,9,18,18,17,32,4,7,32,19,8,4,13,0,0,0,"Quatro"
"Ciencia_Alimentos","USP","Acad",2009.0,2009.0,18,0,0,NA,46,31,1,6,5,13,2,1,3,0,15,22,0,7,0,0,0,"Quatro"
"Ciencia_Alimentos","UESB","Acad",NA,2006.0,16,28,0,NA,73,54,2,9,7,12,7,9,8,14,5,104,0,12,0,0,1,"Tres"
"Ciencia_Alimentos","UFAM","Acad",NA,1984.0,7,13,0,NA,23,18,2,0,1,6,8,1,0,4,1,8,0,8,1,0,0,"Tres"
"Ciencia_Alimentos","UFBA","Acad",NA,2006.0,10,18,0,NA,21,18,0,1,3,7,0,1,6,2,1,50,0,4,0,0,0,"Tres"
"Ciencia_Alimentos","UFJF","Prof",NA,2009.0,16,0,0,NA,17,13,0,0,1,2,6,1,3,0,4,28,0,15,0,0,1,"Tres"
"Ciencia_Alimentos","UFPB/J.P.","Acad",NA,2009.0,14,0,0,NA,31,13,1,0,2,9,1,0,0,1,17,14,0,2,0,0,3,"Tres"
"Ciencia_Alimentos","UFRPE","Acad",NA,2007.0,8,4,0,NA,42,32,1,2,1,11,7,3,7,7,3,7,1,5,0,0,0,"Tres"
"Ciencia_Alimentos","UNOPAR","Acad",NA,2007.0,10,7,0,NA,41,36,3,0,7,4,21,0,1,3,2,4,1,2,0,0,0,"Tres"
"CienPolitica_RelacoesInt","USP","Acad",1974.0,1974.0,24,50,51,0.980392157,99,85,25,16,16,7,5,8,8,4,10,15,14,110,0,0,7,"Sete"
"CienPolitica_RelacoesInt","UFRGS","Acad",1996.0,1973.0,12,25,14,1.785714286,73,40,1,11,4,8,0,8,8,12,21,189,20,59,4,1,1,"Seis"
"CienPolitica_RelacoesInt","UNB","Acad",2008.0,1984.0,17,37,0,NA,83,42,10,5,6,8,3,6,4,4,37,72,16,49,1,0,0,"Cinco"
"CienPolitica_RelacoesInt","UNESP/MAR","Acad",NA,2003.0,16,46,0,NA,90,61,8,8,12,12,10,8,3,14,15,156,12,99,14,0,5,"Cinco"
"CienPolitica_RelacoesInt","UNICAMP","Acad",2006.0,1974.0,15,26,6,4.333333333,159,112,4,14,12,32,15,31,4,21,26,158,16,126,0,0,10,"Cinco"
"CienPolitica_RelacoesInt","UEPB","Acad",NA,2008.0,8,0,0,NA,7,2,1,0,0,0,0,0,1,0,5,4,0,11,0,0,1,"Tres"
"CienPolitica_RelacoesInt","UERJ","Acad",NA,2009.0,9,0,0,NA,6,1,0,1,0,0,0,0,0,0,5,15,0,8,0,0,3,"Tres"
"CienPolitica_RelacoesInt","UFF","Acad",NA,2008.0,10,0,0,NA,9,8,0,0,1,3,3,0,1,1,0,6,1,6,0,0,0,"Tres"
"CienPolitica_RelacoesInt","UFPR","Acad",NA,2009.0,9,0,0,NA,18,12,3,3,3,1,1,1,0,1,5,80,3,17,0,0,2,"Tres"
"CienPolitica_RelacoesInt","UFRGS","Acad",NA,2002.0,10,19,0,NA,16,10,0,1,2,4,1,2,0,2,4,11,2,25,0,0,0,"Tres"
"CienPolitica_RelacoesInt","UNIEURO","Acad",NA,2006.0,17,43,0,NA,48,37,0,4,3,3,5,18,4,6,5,19,0,17,0,0,3,"Tres"
"Computacao","UFRJ","Acad",1971.0,1971.0,34,116,74,1.567567568,160,129,18,13,46,38,5,6,3,14,17,354,0,44,0,0,1,"Sete"
"Computacao","UFRGS","Acad",1988.0,1973.0,44,144,44,3.272727273,125,104,12,18,25,31,12,3,3,11,10,537,2,101,0,0,0,"Seis"
"Computacao","UNICAMP","Acad",1993.0,1977.0,36,87,36,2.416666667,125,101,14,15,25,31,5,3,8,14,10,385,0,26,1,0,0,"Seis"
"Computacao","UFBA","Acad",2007.0,NA,11,0,0,NA,17,13,0,0,3,5,0,1,4,2,2,144,0,10,0,0,0,"Quatro"
"Computacao","UFC","Acad",2005.0,1995.0,16,35,1,35.0,35,30,0,0,16,11,0,1,2,2,3,82,0,9,3,0,0,"Quatro"
"Computacao","UFCG","Acad",2005.0,1973.0,16,63,2,31.5,39,30,3,0,10,10,3,1,3,8,1,211,2,47,0,0,1,"Quatro"
"Computacao","UFMS","Acad",NA,1999.0,17,19,0,NA,31,20,2,5,4,8,0,0,1,7,4,42,0,4,1,0,1,"Quatro"
"Computacao","UFPE","Prof",NA,2006.0,39,42,0,NA,31,23,0,1,2,9,2,1,8,3,5,193,0,4,0,0,0,"Quatro"
"Computacao","UFPR","Acad",2009.0,1996.0,23,76,0,NA,36,24,3,5,4,6,2,0,4,9,3,184,1,15,0,1,2,"Quatro"
"Computacao","UFRN","Acad",2008.0,1999.0,22,44,0,NA,57,51,4,6,8,24,7,1,1,3,3,189,1,21,4,0,2,"Quatro"
"Computacao","UFSC","Acad",NA,1992.0,32,77,0,NA,81,52,3,8,11,6,2,17,5,17,12,309,5,29,0,0,0,"Quatro"
"Computacao","UFSCAR","Acad",2009.0,1988.0,23,89,0,NA,38,31,2,1,8,11,1,3,5,5,2,286,1,14,1,0,1,"Quatro"
"Computacao","UNB","Acad",NA,1989.0,13,23,0,NA,22,12,0,3,4,4,0,1,0,5,5,76,0,14,0,0,1,"Quatro"
"Computacao","UNIFOR","Acad",NA,1999.0,15,46,0,NA,40,23,0,3,6,10,3,1,0,7,10,142,1,28,5,3,0,"Quatro"
"Computacao","UNISINOS","Acad",NA,2000.0,14,55,0,NA,51,31,2,5,4,14,1,3,2,12,8,163,0,20,0,0,1,"Quatro"
"Computacao","UCPEL","Acad",NA,2006.0,13,19,0,NA,27,16,3,1,1,2,9,0,0,7,4,170,1,28,0,0,1,"Tres"
"Computacao","UECE","Acad",NA,2007.0,10,8,0,NA,8,3,0,1,0,1,1,0,0,3,2,62,3,1,0,0,1,"Tres"
"Computacao","UECE","Prof",NA,2006.0,16,17,0,NA,9,3,0,0,0,2,1,0,0,5,1,128,3,11,0,0,3,"Tres"
"Computacao","UEM","Acad",NA,2002.0,13,33,0,NA,14,4,0,0,1,3,0,0,0,9,1,81,1,2,0,0,1,"Tres"
"Computacao","UERN","Acad",NA,2008.0,12,3,0,NA,12,10,1,2,0,2,5,0,0,0,2,89,0,7,0,3,0,"Tres"
"Computacao","UFG","Acad",NA,2004.0,18,27,0,NA,24,12,1,3,5,2,1,0,0,8,4,58,0,6,0,0,0,"Tres"
"Computacao","UFPB/J.P.","Acad",NA,2006.0,13,36,0,NA,24,9,1,1,0,5,1,1,0,4,11,160,1,15,0,0,2,"Tres"
"Computacao","UFSM","Acad",NA,2007.0,16,10,0,NA,33,10,2,0,1,0,6,0,1,19,4,152,0,9,0,0,3,"Tres"
"Computacao","UFV","Acad",NA,2004.0,11,30,0,NA,12,3,0,1,1,1,0,0,0,6,3,98,1,6,0,0,0,"Tres"
"Computacao","UNIFACS","Prof",NA,1999.0,9,22,0,NA,11,7,1,0,1,3,0,0,2,3,1,83,0,4,0,0,0,"Tres"
"Computacao","UNIFACS","Acad",NA,2006.0,9,11,0,NA,11,8,1,0,1,3,0,0,3,2,1,82,0,4,0,0,0,"Tres"
"Computacao","UNIFEI","Acad",NA,2008.0,7,0,0,NA,10,9,0,1,3,3,1,0,1,0,1,14,0,2,0,0,0,"Tres"
"Computacao","UNIRIO","Acad",NA,2007.0,16,24,0,NA,24,13,2,0,3,6,0,0,2,6,5,126,0,12,0,0,0,"Tres"
"Computacao","UNIVALI","Acad",NA,2007.0,11,12,0,NA,29,14,0,4,4,1,3,2,0,12,3,87,1,13,0,0,2,"Tres"
"Ecologia","UFRJ","Acad",1995.0,1990.0,34,43,30,1.433333333,383,369,14,54,54,109,31,83,24,0,14,85,0,79,0,0,5,"Seis"
"Ecologia","UFMG","Acad",1997.0,1989.0,22,67,31,2.161290323,386,367,34,37,44,111,20,72,49,0,19,127,2,91,0,0,2,"Cinco"
"Ecologia","UFMS","Acad",2004.0,1996.0,15,40,7,5.714285714,225,211,3,27,21,75,26,40,19,0,14,42,6,38,0,0,0,"Cinco"
"Ecologia","UFPR","Acad",2007.0,2004.0,18,39,0,NA,234,213,16,46,30,80,7,27,7,0,21,38,1,46,0,0,1,"Cinco"
"Ecologia","UFSCAR","Acad",1976.0,1976.0,32,51,67,0.76119403,350,339,8,40,29,131,24,69,38,0,11,124,8,35,0,0,0,"Cinco"
"Ecologia","UFU","Acad",2005.0,1999.0,21,49,7,7.0,234,220,18,16,26,73,14,48,25,0,14,101,1,49,2,0,0,"Cinco"
"Ecologia","UNB","Acad",1993.0,1976.0,23,42,29,1.448275862,244,233,27,30,38,71,22,26,19,0,11,44,3,83,1,1,0,"Cinco"
"Ecologia","UFC","Acad",2008.0,2008.0,17,0,0,NA,130,116,2,5,10,18,16,23,42,0,14,0,4,9,0,0,0,"Quatro"
"Ecologia","UFJF","Acad",NA,2005.0,16,32,0,NA,161,144,19,25,25,37,11,19,8,0,17,78,7,28,0,0,2,"Quatro"
"Ecologia","UFMT","Acad",NA,1993.0,20,58,0,NA,174,158,4,15,16,63,27,21,12,0,16,52,3,58,2,0,0,"Quatro"
"Ecologia","UFRN","Acad",2009.0,1995.0,20,30,0,NA,100,88,6,15,13,26,4,18,6,0,12,13,2,13,1,0,0,"Quatro"
"Ecologia","UFSC","Acad",NA,2008.0,16,1,0,NA,88,80,3,12,15,21,2,20,7,0,8,30,2,39,0,0,4,"Quatro"
"Ecologia","UNIFAP","Acad",2006.0,2006.0,25,20,0,NA,101,90,6,9,12,22,13,10,18,0,11,46,2,31,0,0,2,"Quatro"
"Ecologia","URI","Acad",NA,2007.0,11,10,0,NA,79,76,0,9,14,18,1,23,11,0,3,79,0,20,0,1,1,"Quatro"
"Ecologia","UVV","Acad",NA,2007.0,15,13,0,NA,90,77,4,6,7,22,8,9,21,0,13,5,1,13,0,0,1,"Quatro"
"Ecologia","UFAC","Acad",NA,1996.0,15,22,0,NA,69,63,8,7,1,7,9,18,13,0,6,51,2,13,0,0,3,"Tres"
"Ecologia","UFPA","Acad",2007.0,2007.0,14,9,0,NA,73,59,2,5,6,14,1,13,18,0,14,51,2,61,1,0,3,"Tres"
"Ecologia","UFSCAR","Acad",NA,2009.0,14,0,0,NA,9,7,2,1,0,1,0,0,3,0,2,14,0,4,0,0,1,"Tres"
"Ecologia","UFT","Acad",NA,2008.0,15,0,0,NA,93,83,5,14,15,26,7,4,12,0,10,8,0,28,0,0,4,"Tres"
"Educacao_Fisica","UNESP/RC","Acad",2001.0,1991.0,21,84,24,3.5,312,300,20,31,106,70,16,24,33,0,12,90,1,61,1,3,3,"Seis"
"Educacao_Fisica","USP","Acad",1989.0,1977.0,38,67,25,2.68,384,355,44,59,64,95,26,44,23,5,24,84,14,104,2,0,0,"Seis"
"Educacao_Fisica","UFSC","Acad",2006.0,1996.0,18,86,1,86.0,317,297,3,4,86,99,26,60,19,1,19,56,7,92,8,0,3,"Cinco"
"Educacao_Fisica","USP","Acad",2005.0,2005.0,18,59,17,3.470588235,262,250,14,17,139,47,16,1,16,1,11,46,4,54,1,6,0,"Cinco"
"Educacao_Fisica","UFMG","Acad",2008.0,1989.0,13,56,0,NA,85,75,5,11,19,12,4,17,7,1,9,27,3,38,1,1,4,"Quatro"
"Educacao_Fisica","UFSM","Acad",NA,1992.0,13,62,0,NA,104,93,1,5,71,2,7,3,4,10,1,12,0,15,4,1,0,"Quatro"
"Educacao_Fisica","UNICAMP","Acad",1993.0,1988.0,29,82,42,1.952380952,335,320,10,13,55,64,26,127,25,1,14,72,35,150,18,2,18,"Quatro"
"Educacao_Fisica","UNICSUL","Acad",NA,2007.0,13,16,0,NA,170,149,57,40,40,8,0,1,3,4,17,12,0,8,0,0,1,"Quatro"
"Educacao_Fisica","UNIMEP","Acad",NA,2000.0,12,70,0,NA,89,85,2,3,16,23,15,17,9,0,4,107,10,71,1,0,5,"Quatro"
"Educacao_Fisica","UNINOVE","Acad",NA,2007.0,17,28,0,NA,221,208,16,19,39,57,52,10,15,2,11,21,0,7,0,0,0,"Quatro"
"Educacao_Fisica","USJT","Acad",NA,2004.0,12,59,0,NA,127,123,5,12,31,24,16,18,17,0,4,89,1,36,6,14,1,"Quatro"
"Educacao_Fisica","USP","Acad",1998.0,1998.0,19,21,13,1.615384615,111,101,8,21,39,12,14,0,7,0,10,0,7,24,0,0,0,"Quatro"
"Educacao_Fisica","UTP","Acad",2007.0,1999.0,12,36,0,NA,97,85,2,2,49,21,2,1,8,1,11,33,3,16,1,0,8,"Quatro"
"Educacao_Fisica","UFPE","Acad",NA,2009.0,11,0,0,NA,22,10,1,1,4,1,3,0,0,0,12,1,0,2,0,0,0,"Tres"
"Educacao_Fisica","UFPEL","Acad",NA,2007.0,16,15,0,NA,148,143,20,12,46,26,3,33,3,1,4,80,4,27,0,0,3,"Tres"
"Educacao_Fisica","UFRN","Acad",NA,2007.0,12,17,0,NA,49,46,5,1,21,17,0,1,1,0,3,3,0,7,0,0,0,"Tres"
"Educacao_Fisica","UFV","Acad",NA,2007.0,16,16,0,NA,168,160,1,6,26,24,25,46,32,3,5,48,7,32,6,0,1,"Tres"
"Educacao_Fisica","UNB","Acad",NA,2006.0,14,22,0,NA,64,63,2,11,19,6,6,14,5,0,1,31,0,32,0,0,0,"Tres"
"Educacao_Fisica","UNICID","Acad",NA,2006.0,12,17,0,NA,69,58,10,8,17,15,4,2,2,2,9,16,0,27,0,1,1,"Tres"
"Educacao_Fisica","UNIVERSO","Acad",NA,2006.0,10,17,0,NA,84,77,1,8,23,14,5,24,2,6,1,24,5,29,0,57,2,"Tres"
"Educacao_Fisica","UVA","Prof",NA,2004.0,11,33,0,NA,69,62,0,9,51,0,1,0,1,0,7,14,1,7,0,1,4,"Tres"
"Engenharias_I","USP/SC","Acad",1970.0,1970.0,22,56,30,1.866666667,279,269,16,29,8,20,13,12,171,0,10,307,6,19,0,0,0,"Sete"
"Engenharias_I","USP/SC","Acad",1976.0,1970.0,24,76,41,1.853658537,146,140,35,27,8,30,14,5,21,1,5,279,1,44,0,0,1,"Sete"
"Engenharias_I","UFMG","Acad",2000.0,1972.0,20,98,20,4.9,86,79,11,17,4,26,7,7,7,1,6,401,8,27,2,0,0,"Seis"
"Engenharias_I","USP/SC","Acad",1984.0,1977.0,11,28,11,2.545454545,46,45,6,18,3,1,10,7,0,0,1,141,0,2,0,0,1,"Seis"
"Engenharias_I","UFRGS","Acad",1989.0,1969.0,24,29,24,1.208333333,96,89,10,2,3,22,34,6,12,0,7,212,8,15,0,0,0,"Cinco"
"Engenharias_I","UFRJ","Acad",1991.0,1979.0,12,74,40,1.85,21,20,6,5,2,0,5,2,0,0,1,139,1,6,0,0,0,"Cinco"
"Engenharias_I","UNB","Acad",1999.0,1992.0,12,40,15,2.666666667,31,28,6,1,2,2,5,7,5,1,2,110,0,8,0,0,0,"Cinco"
"Engenharias_I","USP","Acad",1970.0,1970.0,52,120,72,1.666666667,227,215,23,24,11,30,18,66,43,7,5,631,1,84,1,2,6,"Cinco"
"Engenharias_I","USP/SC","Acad",1989.0,1989.0,21,34,44,0.772727273,129,114,10,8,4,7,35,16,34,1,14,136,5,37,2,0,0,"Cinco"
"Engenharias_I","UERJ","Prof",NA,1999.0,14,62,0,NA,46,38,5,13,3,3,1,3,10,1,7,146,0,14,1,0,0,"Quatro"
"Engenharias_I","UERJ","Acad",NA,2003.0,11,28,0,NA,52,51,13,10,2,6,8,5,7,1,0,157,0,7,0,0,0,"Quatro"
"Engenharias_I","UFC","Acad",NA,2000.0,14,30,0,NA,24,21,1,8,3,3,2,1,3,0,3,199,2,11,0,0,0,"Quatro"
"Engenharias_I","UFMG","Acad",2000.0,1988.0,15,29,18,1.611111111,36,28,4,2,1,6,0,9,6,0,8,161,0,4,0,0,0,"Quatro"
"Engenharias_I","UFMS","Acad",NA,1999.0,16,56,0,NA,36,32,2,6,7,1,7,5,4,0,4,70,0,14,1,0,0,"Quatro"
"Engenharias_I","UFOP","Acad",NA,2001.0,18,62,0,NA,75,70,12,28,5,8,5,8,4,1,4,49,0,4,0,0,0,"Quatro"
"Engenharias_I","UFPB/J.P.","Acad",NA,2002.0,22,52,0,NA,76,70,2,4,2,12,8,7,35,2,4,260,0,34,0,0,3,"Quatro"
"Engenharias_I","UFPE","Acad",2000.0,1992.0,31,65,35,1.857142857,60,56,5,10,5,11,6,9,10,0,4,420,5,37,2,0,2,"Quatro"
"Engenharias_I","UFSC","Acad",2001.0,1994.0,18,66,27,2.444444444,39,36,2,3,2,6,2,3,18,0,3,226,1,26,0,0,2,"Quatro"
"Engenharias_I","UFSM","Acad",NA,1994.0,16,67,0,NA,38,38,0,2,2,10,9,3,12,0,0,165,0,14,0,1,0,"Quatro"
"Engenharias_I","UFV","Acad",2003.0,1991.0,18,35,17,2.058823529,54,50,5,4,4,5,12,11,9,1,3,195,8,10,0,0,0,"Quatro"
"Engenharias_I","UNB","Acad",2001.0,1995.0,7,27,3,9.0,17,17,6,2,0,3,3,2,1,0,0,91,0,13,0,0,0,"Quatro"
"Engenharias_I","UNESP/IS","Acad",NA,1999.0,10,45,0,NA,43,42,3,1,0,8,11,16,3,0,1,128,0,5,0,0,0,"Quatro"
"Engenharias_I","UNICAMP","Acad",1995.0,1986.0,55,135,61,2.213114754,125,111,9,9,5,6,16,39,27,3,11,600,7,18,0,3,0,"Quatro"
"Engenharias_I","UNISC","Acad",NA,2005.0,9,43,0,NA,27,21,1,4,1,1,0,1,13,0,6,111,0,2,0,1,0,"Quatro"
"Engenharias_I","FURB","Acad",NA,1998.0,12,45,0,NA,58,50,1,0,4,3,6,9,27,0,8,56,3,11,0,1,0,"Tres"
"Engenharias_I","IFCE","Acad",NA,2008.0,10,3,0,NA,30,17,2,1,1,9,0,0,4,0,13,107,0,3,0,0,0,"Tres"
"Engenharias_I","IME","Acad",NA,1994.0,13,27,0,NA,20,17,4,2,1,0,4,4,2,1,2,144,1,5,0,0,0,"Tres"
"Engenharias_I","UEFS","Acad",NA,2006.0,15,17,0,NA,44,40,9,2,2,3,10,4,10,0,4,115,0,9,0,0,0,"Tres"
"Engenharias_I","UEL","Acad",NA,2003.0,10,22,0,NA,6,5,0,1,0,1,2,0,1,0,1,86,0,6,0,0,0,"Tres"
"Engenharias_I","UEM","Acad",NA,2006.0,13,24,0,NA,53,52,8,11,4,2,10,6,11,0,1,187,4,11,0,0,0,"Tres"
"Engenharias_I","UFAL","Acad",NA,2001.0,9,13,0,NA,7,5,0,3,0,1,0,0,1,0,2,91,0,4,0,0,3,"Tres"
"Engenharias_I","UFAL","Acad",NA,2005.0,11,16,0,NA,7,6,4,0,0,2,0,0,0,0,1,147,0,1,0,0,0,"Tres"
"Engenharias_I","UFAM","Acad",NA,2006.0,7,12,0,NA,5,4,0,0,1,0,1,1,1,0,1,50,0,0,0,0,0,"Tres"
"Engenharias_I","UFC","Acad",NA,2008.0,10,0,0,NA,10,9,1,0,0,3,2,2,1,0,1,93,0,10,2,0,1,"Tres"
"Engenharias_I","UFCG","Acad",NA,1971.0,17,65,0,NA,26,21,1,1,1,3,5,3,7,3,2,303,1,12,0,0,2,"Tres"
"Engenharias_I","UFES","Acad",NA,1997.0,14,41,0,NA,7,6,1,1,1,2,0,1,0,0,1,199,0,10,0,0,0,"Tres"
"Engenharias_I","UFG","Acad",NA,1997.0,8,36,0,NA,13,11,3,0,0,2,4,0,2,2,0,35,2,5,0,0,0,"Tres"
"Engenharias_I","UFG","Acad",NA,2003.0,16,50,0,NA,18,16,1,2,1,1,0,2,9,1,1,110,4,5,0,0,3,"Tres"
"Engenharias_I","UFG","Acad",NA,2007.0,15,12,0,NA,14,14,4,1,1,3,3,0,2,0,0,179,0,7,0,0,0,"Tres"
"Engenharias_I","UFMG","Acad",NA,2009.0,11,0,0,NA,7,2,1,0,0,0,0,0,1,0,5,31,0,3,0,0,0,"Tres"
"Engenharias_I","UFMT","Acad",NA,2009.0,15,0,0,NA,4,2,0,0,0,1,1,0,0,0,2,7,0,1,0,0,0,"Tres"
"Engenharias_I","UFOP","Prof",NA,2008.0,7,0,0,NA,6,6,0,1,0,0,0,5,0,0,0,38,0,3,0,0,1,"Tres"
"Engenharias_I","UFPA","Acad",NA,1999.0,18,49,0,NA,25,24,0,0,1,1,4,4,14,0,1,196,0,23,0,0,0,"Tres"
"Engenharias_I","UFPR","Acad",NA,2000.0,22,45,0,NA,55,48,2,8,2,2,2,14,18,0,7,238,0,29,0,4,2,"Tres"
"Engenharias_I","UFRJ","Prof",NA,2008.0,24,0,0,NA,74,58,8,10,11,2,5,6,16,1,15,103,22,15,0,0,5,"Tres"
"Engenharias_I","UFRJ","Prof",NA,2009.0,12,0,0,NA,0,0,0,0,0,0,0,0,0,0,0,0,0,0,0,0,0,"Tres"
"Engenharias_I","UFRN","Acad",NA,2009.0,10,0,0,NA,2,2,1,0,0,0,0,0,1,0,0,4,1,0,0,0,0,"Tres"
"Engenharias_I","UFRN","Acad",NA,1999.0,14,33,0,NA,10,8,0,0,0,1,3,2,2,2,0,132,0,14,0,0,1,"Tres"
"Engenharias_I","UFSCAR","Acad",2007.0,1994.0,15,70,0,NA,43,35,1,1,0,5,5,12,11,2,6,202,3,16,1,7,0,"Tres"
"Engenharias_I","UFU","Acad",NA,2002.0,14,41,0,NA,17,16,0,2,4,0,0,1,9,0,1,137,1,3,0,0,0,"Tres"
"Engenharias_I","UNAERP","Prof",NA,2000.0,8,29,0,NA,11,10,2,1,1,3,1,2,0,0,1,42,0,2,0,0,0,"Tres"
"Engenharias_I","UNICAP","Acad",NA,2003.0,10,24,0,NA,24,23,1,1,2,1,1,5,12,0,1,132,0,14,1,0,0,"Tres"
"Engenharias_I","UNISINOS","Acad",NA,2007.0,9,10,0,NA,15,14,1,1,0,1,1,5,5,0,1,72,0,8,0,0,2,"Tres"
"Engenharias_I","UPF","Acad",NA,2003.0,15,42,0,NA,57,54,2,0,3,3,2,10,34,0,3,230,2,9,1,1,4,"Tres"
"Engenharias_I","UTFPR","Acad",NA,2009.0,10,0,0,NA,15,7,1,1,0,0,0,4,1,1,7,44,0,9,1,0,0,"Tres"
"Engenharias_II","UFRGS","Acad",1987.0,1974.0,28,145,55,2.636363636,296,276,73,15,61,43,38,19,27,0,20,516,0,17,0,0,1,"Sete"
"Engenharias_II","UFRJ","Acad",1970.0,1963.0,18,50,50,1.0,157,154,77,14,33,12,9,3,6,0,3,223,2,11,1,0,2,"Sete"
"Engenharias_II","UFSCAR","Acad",1990.0,1982.0,22,49,45,1.088888889,153,145,79,19,14,13,14,2,4,0,8,308,4,36,0,0,2,"Sete"
"Engenharias_II","UNICAMP","Acad",1989.0,1980.0,46,159,99,1.606060606,362,346,158,36,73,32,29,10,8,0,16,484,3,46,1,0,1,"Sete"
"Engenharias_II","UFRJ","Acad",1977.0,1977.0,14,59,30,1.966666667,120,109,51,1,24,8,10,15,0,0,11,64,0,0,0,0,0,"Seis"
"Engenharias_II","UFRJ","Acad",1979.0,1968.0,13,44,44,1.0,104,93,41,18,19,4,11,0,0,0,11,230,0,2,0,0,0,"Seis"
"Engenharias_II","UFRJ","Acad",1989.0,1976.0,45,161,53,3.037735849,374,358,122,24,66,43,62,27,14,0,16,388,7,50,0,1,2,"Seis"
"Engenharias_II","UFSC","Acad",1998.0,1993.0,17,64,38,1.684210526,116,111,48,7,11,15,17,6,7,0,5,300,0,14,0,0,0,"Seis"
"Engenharias_II","USP","Acad",1972.0,1968.0,22,55,26,2.115384615,141,134,48,20,17,20,5,23,1,0,7,214,1,16,0,0,0,"Seis"
"Engenharias_II","USP","Acad",1976.0,1976.0,111,266,113,2.353982301,761,713,126,152,176,111,88,34,26,3,45,1198,1,73,0,1,1,"Seis"
"Engenharias_II","UFPE","Acad",1997.0,1977.0,20,51,31,1.64516129,113,105,20,8,8,34,18,9,8,2,6,193,0,32,0,0,0,"Cinco"
"Engenharias_II","UFU","Acad",2000.0,1993.0,13,42,12,3.5,82,79,27,8,12,18,5,1,8,0,3,145,0,2,0,0,0,"Cinco"
"Engenharias_II","IPT","Prof",NA,2001.0,12,38,0,NA,66,65,18,8,7,18,10,2,2,0,1,60,4,16,0,0,0,"Quatro"
"Engenharias_II","PUC/RS","Acad",2007.0,2001.0,15,57,0,NA,67,62,18,7,14,7,6,6,4,0,5,109,3,15,0,0,0,"Quatro"
"Engenharias_II","UENF","Acad",1994.0,1994.0,15,26,16,1.625,101,100,14,9,7,26,39,3,2,0,1,270,0,2,0,0,0,"Quatro"
"Engenharias_II","UERJ","Acad",NA,2004.0,14,43,0,NA,61,59,20,8,18,3,5,5,0,0,2,108,0,1,0,0,0,"Quatro"
"Engenharias_II","UFBA","Acad",2007.0,NA,10,0,0,NA,37,36,10,6,6,5,7,2,0,0,1,119,0,1,0,0,0,"Quatro"
"Engenharias_II","UFCG","Acad",1999.0,NA,29,0,49,NA,202,195,30,5,41,41,35,15,28,0,7,415,0,9,0,0,0,"Quatro"
"Engenharias_II","UFCG","Acad",2007.0,1979.0,16,66,0,NA,79,76,16,4,13,16,10,7,10,0,3,151,0,2,0,0,0,"Quatro"
"Engenharias_II","UFF","Acad",2000.0,1994.0,9,15,8,1.875,84,84,19,6,21,19,9,7,3,0,0,129,1,3,0,0,0,"Quatro"
"Engenharias_II","UFMG","Acad",2006.0,1992.0,12,26,2,13.0,42,41,19,3,7,9,2,1,0,0,1,72,0,8,0,0,0,"Quatro"
"Engenharias_II","UFPE","Acad",2005.0,1994.0,14,41,3,13.66666667,56,47,14,6,15,8,2,1,1,0,9,193,1,6,0,0,0,"Quatro"
"Engenharias_II","UFRJ","Prof",NA,2009.0,44,0,0,NA,119,104,51,8,12,14,13,6,0,0,15,167,0,8,0,0,2,"Quatro"
"Engenharias_II","UNIFEI","Acad",NA,2001.0,13,18,0,NA,56,56,7,12,18,8,9,1,1,0,0,65,0,0,0,0,0,"Quatro"
"Engenharias_II","UNIT-SE","Acad",NA,2005.0,12,22,0,NA,78,75,38,14,12,7,4,0,0,0,3,119,0,1,0,0,0,"Quatro"
"Engenharias_II","USP","Acad",1980.0,1970.0,10,31,13,2.384615385,43,40,5,0,16,2,15,1,1,0,3,62,0,12,0,1,1,"Quatro"
"Engenharias_II","FURB","Acad",NA,2008.0,9,0,0,NA,16,15,7,0,2,2,2,2,0,0,1,17,0,2,0,0,0,"Tres"
"Engenharias_II","IEN","Prof",NA,2004.0,12,14,0,NA,25,24,3,4,11,3,2,0,1,0,1,63,0,0,0,0,0,"Tres"
"Engenharias_II","IFES","Acad",NA,2009.0,9,0,0,NA,3,3,1,0,0,2,0,0,0,0,0,34,0,1,0,0,0,"Tres"
"Engenharias_II","UEPG","Acad",NA,2001.0,11,21,0,NA,33,33,10,0,5,11,3,2,2,0,0,72,0,0,0,0,0,"Tres"
"Engenharias_II","UERJ","Acad",NA,2007.0,13,3,0,NA,49,45,12,4,11,3,7,8,0,1,3,83,0,6,0,0,0,"Tres"
"Engenharias_II","UFAL","Acad",NA,2006.0,15,8,0,NA,54,47,21,8,8,6,0,3,1,0,7,124,0,4,0,0,0,"Tres"
"Engenharias_II","UFF","Acad",NA,2009.0,13,0,0,NA,15,15,6,0,4,4,1,0,0,0,0,51,0,0,0,0,0,"Tres"
"Engenharias_II","UFOP","Acad",NA,1998.0,14,39,0,NA,44,40,3,2,25,1,6,1,2,0,4,157,0,19,0,2,0,"Tres"
"Engenharias_II","UFPA","Acad",NA,1992.0,11,29,0,NA,25,25,1,5,7,8,0,1,3,0,0,119,0,7,0,0,1,"Tres"
"Engenharias_II","UFPR","Acad",NA,2007.0,8,6,0,NA,68,64,21,11,17,6,9,0,0,0,4,43,0,2,0,0,0,"Tres"
"Engenharias_II","UFRGS","Prof",NA,2006.0,13,57,0,NA,0,0,0,0,0,0,0,0,0,0,0,52,0,0,0,0,0,"Tres"
"Engenharias_II","UFRRJ","Acad",NA,2000.0,12,13,0,NA,30,30,2,6,6,5,3,6,2,0,0,79,1,5,0,0,0,"Tres"
"Engenharias_II","UNICAP","Acad",NA,2005.0,15,36,0,NA,39,37,4,0,3,7,8,7,8,0,2,122,0,34,0,0,0,"Tres"
"Engenharias_II","UNILASALLE","Acad",NA,2009.0,10,0,0,NA,6,5,1,0,1,2,0,0,1,0,1,9,0,3,0,0,1,"Tres"
"Engenharias_II","UNIOESTE","Acad",NA,2006.0,9,25,0,NA,51,49,20,2,4,6,12,0,5,0,2,128,0,2,0,0,0,"Tres"
"Engenharias_II","UPM","Prof",NA,2007.0,9,13,0,NA,9,8,0,0,4,2,1,0,1,0,1,86,0,1,0,0,0,"Tres"
"Engenharias_III","UFRJ","Acad",1970.0,1965.0,20,61,27,2.259259259,125,117,37,19,42,2,2,9,6,3,5,309,0,12,2,0,0,"Sete"
"Engenharias_III","UFSC","Acad",1981.0,1969.0,42,174,47,3.70212766,183,165,32,25,34,30,14,17,13,3,15,537,1,31,0,0,2,"Sete"
"Engenharias_III","UFRGS","Acad",1986.0,1986.0,26,95,35,2.714285714,119,107,16,13,36,12,8,17,5,9,3,342,0,16,0,0,4,"Seis"
"Engenharias_III","UFRJ","Acad",1979.0,1967.0,25,128,63,2.031746032,162,132,6,30,35,12,10,21,18,6,24,254,27,97,4,0,1,"Seis"
"Engenharias_III","UFRJ","Acad",1989.0,1967.0,16,78,29,2.689655172,53,44,7,15,14,1,5,2,0,3,6,205,0,1,0,0,0,"Seis"
"Engenharias_III","UFU","Acad",1994.0,1985.0,22,52,33,1.575757576,123,112,11,15,20,32,8,6,20,4,7,324,2,6,0,0,0,"Seis"
"Engenharias_III","USP","Acad",1978.0,1971.0,55,109,42,2.595238095,206,184,26,60,46,14,14,14,10,6,16,553,3,27,3,2,2,"Seis"
"Engenharias_III","PUC-RIO","Acad",NA,1996.0,10,39,0,NA,50,40,13,8,6,4,2,3,4,0,10,61,2,22,0,0,1,"Cinco"
"Engenharias_III","UFMG","Acad",1998.0,1972.0,31,51,41,1.243902439,149,125,15,20,34,18,9,15,14,6,18,484,2,19,3,0,1,"Cinco"
"Engenharias_III","UFPE","Acad",2001.0,1979.0,14,64,17,3.764705882,62,56,2,9,3,17,8,4,13,0,6,178,4,17,1,0,4,"Cinco"
"Engenharias_III","UFPE","Prof",NA,2000.0,14,49,0,NA,61,55,2,9,3,17,7,4,13,0,6,162,4,17,1,0,2,"Cinco"
"Engenharias_III","UFPR","Acad",2003.0,1994.0,23,52,17,3.058823529,126,112,8,13,19,16,10,18,28,0,14,231,0,21,0,0,0,"Cinco"
"Engenharias_III","UFRGS","Acad",1999.0,1994.0,12,50,21,2.380952381,82,80,6,0,9,26,8,13,18,1,1,264,0,27,1,0,2,"Cinco"
"Engenharias_III","UFRGS","Prof",NA,2005.0,10,30,0,NA,58,57,5,0,9,23,3,6,11,0,1,196,0,18,0,0,4,"Cinco"
"Engenharias_III","UNESP/GUAR","Acad",1983.0,1983.0,31,78,49,1.591836735,204,178,24,31,34,34,11,11,33,17,9,315,2,11,0,0,1,"Cinco"
"Engenharias_III","UNICAMP","Acad",1999.0,1999.0,13,36,7,5.142857143,86,75,11,12,27,5,15,3,2,7,4,150,1,7,0,0,0,"Cinco"
"Engenharias_III","USP","Acad",1972.0,1971.0,28,42,51,0.823529412,140,130,10,4,4,41,16,32,23,3,7,262,11,64,5,0,0,"Cinco"
"Engenharias_III","USP/SC","Acad",1976.0,1970.0,34,95,52,1.826923077,113,108,19,20,33,14,6,7,9,3,2,218,3,8,0,0,0,"Cinco"
"Engenharias_III","PUC/MG","Acad",2006.0,1998.0,12,44,1,44.0,33,27,2,2,12,4,0,3,4,2,4,103,1,2,0,0,0,"Quatro"
"Engenharias_III","PUC/PR","Acad",NA,2001.0,10,104,0,NA,109,98,9,12,31,13,7,8,18,3,8,255,0,13,0,0,0,"Quatro"
"Engenharias_III","UENF","Acad",2006.0,1995.0,15,20,4,5.0,46,44,8,6,14,5,1,6,4,1,1,77,0,2,0,1,0,"Quatro"
"Engenharias_III","UERJ","Acad",NA,2006.0,14,11,0,NA,46,37,3,8,9,4,5,6,2,2,7,147,4,13,0,0,0,"Quatro"
"Engenharias_III","UFBA","Acad",2007.0,2008.0,17,0,3,NA,86,63,23,9,14,6,1,3,7,6,17,182,1,28,1,0,0,"Quatro"
"Engenharias_III","UFBA","Acad",NA,2003.0,15,39,0,NA,49,32,14,6,4,6,0,2,0,7,10,177,0,7,1,0,2,"Quatro"
"Engenharias_III","UFF","Acad",2006.0,1972.0,20,86,0,NA,106,86,4,3,7,20,10,7,35,0,20,231,0,24,0,0,1,"Quatro"
"Engenharias_III","UFF","Acad",2005.0,1995.0,15,35,5,7.0,64,63,12,22,13,4,5,6,1,0,1,147,1,19,1,0,0,"Quatro"
"Engenharias_III","UFMG","Acad",2009.0,1995.0,14,59,0,NA,52,45,3,11,12,8,2,4,5,2,5,107,1,15,2,0,1,"Quatro"
"Engenharias_III","UFPA","Acad",2006.0,NA,9,0,0,NA,20,19,3,2,4,3,3,1,3,0,1,111,1,9,0,0,0,"Quatro"
"Engenharias_III","UFPB/J.P.","Acad",NA,1975.0,14,88,0,NA,80,74,1,2,1,9,8,13,40,2,4,419,5,35,7,0,0,"Quatro"
"Engenharias_III","UFPE","Acad",2006.0,1996.0,19,56,1,56.0,40,33,2,6,6,3,3,7,6,2,5,213,0,5,0,0,0,"Quatro"
"Engenharias_III","UFRN","Acad",2006.0,1983.0,25,72,2,36.0,103,92,12,27,17,16,4,7,9,4,7,202,0,3,0,0,0,"Quatro"
"Engenharias_III","UFSC","Acad",2002.0,2002.0,24,69,71,0.971830986,472,292,3,5,15,31,40,55,143,40,140,1090,28,71,2,1,10,"Quatro"
"Engenharias_III","UNB","Acad",2005.0,2002.0,16,38,4,9.5,55,45,8,11,8,4,1,2,11,3,7,170,0,6,0,0,1,"Quatro"
"Engenharias_III","UNB","Acad",2008.0,2003.0,8,17,0,NA,27,26,0,4,5,3,4,3,7,1,0,82,0,14,1,0,0,"Quatro"
"Engenharias_III","UNESP/BAU","Acad",NA,1997.0,13,38,0,NA,118,102,5,17,19,18,8,11,24,3,13,207,0,5,0,1,0,"Quatro"
"Engenharias_III","UNICAMP","Prof",NA,2007.0,53,7,0,NA,0,0,0,0,0,0,0,0,0,0,0,0,0,0,0,0,0,"Quatro"
"Engenharias_III","UNIFEI","Acad",NA,1994.0,11,66,0,NA,63,55,2,3,16,13,3,3,15,3,5,180,0,7,0,0,0,"Quatro"
"Engenharias_III","UNIFEI","Acad",1996.0,1968.0,16,28,15,1.866666667,44,39,8,8,8,11,2,1,1,2,3,171,1,1,0,0,0,"Quatro"
"Engenharias_III","UNISINOS","Acad",NA,2006.0,7,26,0,NA,52,43,0,0,0,16,6,6,15,2,7,109,3,6,0,0,0,"Quatro"
"Engenharias_III","USP","Prof",NA,2000.0,26,62,0,NA,64,5,0,1,1,0,1,2,0,58,1,11,1,0,0,0,0,"Quatro"
"Engenharias_III","USP","Acad",1973.0,1970.0,13,51,16,3.1875,31,22,1,6,2,1,4,3,5,6,3,225,0,4,0,1,0,"Quatro"
"Engenharias_III","UTFPR","Acad",NA,2000.0,19,67,0,NA,50,42,3,6,4,8,0,8,13,3,5,241,0,10,1,0,1,"Quatro"
"Engenharias_III","FEI","Acad",NA,2007.0,20,16,0,NA,56,49,8,6,9,8,5,4,9,3,4,157,1,7,0,0,0,"Tres"
"Engenharias_III","FESP/UPE","Prof",NA,2009.0,19,0,0,NA,10,4,2,0,0,0,0,2,0,0,6,41,0,2,0,0,0,"Tres"
"Engenharias_III","IFSC","Prof",NA,2009.0,10,0,0,NA,1,1,0,0,0,0,1,0,0,0,0,8,0,0,0,0,0,"Tres"
"Engenharias_III","IFSP","Prof",NA,2009.0,9,0,0,NA,4,0,0,0,0,0,0,0,0,0,4,3,0,0,0,1,0,"Tres"
"Engenharias_III","IST","Prof",NA,2008.0,11,0,0,NA,15,13,0,1,1,2,1,1,7,0,2,37,6,1,0,0,0,"Tres"
"Engenharias_III","UENF","Acad",NA,1994.0,14,34,0,NA,28,25,2,0,0,5,3,4,11,0,3,142,0,11,0,0,1,"Tres"
"Engenharias_III","UFAM","Prof",NA,1999.0,16,88,0,NA,27,21,0,1,0,1,3,3,13,1,5,100,0,18,0,0,0,"Tres"
"Engenharias_III","UFAM","Acad",NA,2009.0,4,0,0,NA,10,5,1,1,0,1,1,0,1,0,5,8,0,0,0,0,0,"Tres"
"Engenharias_III","UFC","Acad",NA,2006.0,10,28,0,NA,15,12,0,0,0,0,1,6,5,2,1,106,0,2,1,0,0,"Tres"
"Engenharias_III","UFES","Acad",NA,1996.0,9,31,0,NA,17,16,6,0,6,2,0,0,2,0,1,50,0,1,0,0,0,"Tres"
"Engenharias_III","UFPA","Acad",NA,1994.0,14,40,0,NA,18,14,3,1,2,3,2,1,2,4,0,100,2,13,0,0,0,"Tres"
"Engenharias_III","UFRN","Acad",2006.0,2006.0,14,47,0,NA,18,16,1,1,0,0,2,9,3,0,2,118,0,1,0,0,0,"Tres"
"Engenharias_III","UFRN","Acad",NA,1999.0,11,100,0,NA,29,21,0,2,3,3,4,3,6,0,8,225,2,13,1,0,0,"Tres"
"Engenharias_III","UFSC","Acad",NA,1997.0,5,25,0,NA,13,11,2,1,4,0,0,1,3,1,1,56,1,2,0,0,0,"Tres"
"Engenharias_III","UFSM","Acad",NA,1974.0,19,109,0,NA,57,45,0,1,2,4,4,5,29,4,8,287,0,9,0,0,3,"Tres"
"Engenharias_III","UNESP/BAU","Acad",NA,2006.0,17,40,0,NA,52,39,0,0,6,8,3,3,19,4,9,306,3,19,0,0,1,"Tres"
"Engenharias_III","UNIARA","Prof",NA,2009.0,9,0,0,NA,5,4,0,0,0,0,0,1,3,0,1,20,0,0,0,0,0,"Tres"
"Engenharias_III","UNILESTE","Acad",NA,2005.0,8,15,0,NA,16,15,3,2,6,1,1,0,2,0,1,29,0,3,0,0,0,"Tres"
"Engenharias_III","UNIMEP","Acad",2003.0,1994.0,10,34,20,1.7,43,36,1,2,0,9,1,3,20,5,2,123,2,11,0,0,2,"Tres"
"Engenharias_III","UNINOVE","Acad",NA,2009.0,11,0,0,NA,27,14,0,2,1,3,2,0,6,1,12,60,0,1,0,0,0,"Tres"
"Engenharias_III","UNITAU","Prof",NA,1997.0,22,73,0,NA,42,31,1,2,1,4,3,4,16,6,5,232,2,6,0,2,0,"Tres"
"Engenharias_IV","UFRJ","Acad",1973.0,1966.0,44,141,68,2.073529412,125,116,48,25,20,10,6,1,6,1,8,319,6,27,1,0,0,"Sete"
"Engenharias_IV","UNICAMP","Acad",1972.0,1972.0,79,251,106,2.367924528,319,295,93,53,70,17,16,11,35,2,22,889,3,46,0,0,1,"Sete"
"Engenharias_IV","UFMG","Acad",1995.0,1972.0,33,123,41,3.0,156,146,48,48,34,7,2,1,6,1,9,312,0,12,0,0,0,"Seis"
"Engenharias_IV","UFSC","Acad",1987.0,1971.0,50,137,68,2.014705882,157,141,63,18,37,3,5,1,14,0,16,650,5,24,0,0,0,"Seis"
"Engenharias_IV","USP/SC","Acad",1997.0,1975.0,26,104,48,2.166666667,120,110,31,33,30,1,3,5,7,1,9,449,1,7,0,0,0,"Seis"
"Engenharias_IV","UFSC","Acad",2007.0,2007.0,17,19,2,9.5,65,52,21,8,7,1,2,2,11,1,12,307,1,22,0,0,0,"Cinco"
"Engenharias_IV","UFSM","Acad",1999.0,1974.0,15,36,16,2.25,62,61,29,11,16,0,3,0,2,0,1,239,0,9,0,0,0,"Cinco"
"Engenharias_IV","UNESP/IS","Acad",1999.0,1992.0,23,76,30,2.533333333,96,92,19,25,27,1,7,7,6,0,4,345,1,8,0,0,0,"Cinco"
"Engenharias_IV","USP","Acad",1970.0,1968.0,97,293,147,1.993197279,338,304,76,43,80,18,16,7,64,4,30,785,3,70,4,3,1,"Cinco"
"Engenharias_IV","UTFPR","Acad",1999.0,1988.0,30,81,26,3.115384615,127,106,27,14,28,9,4,4,20,1,20,361,1,19,0,0,0,"Cinco"
"Engenharias_IV","PUC/RS","Acad",NA,1994.0,11,61,0,NA,45,43,23,3,7,2,1,3,4,0,2,108,4,4,0,0,0,"Quatro"
"Engenharias_IV","UDESC","Prof",NA,2006.0,13,19,0,NA,40,38,9,5,12,2,1,0,9,0,2,160,1,0,0,1,0,"Quatro"
"Engenharias_IV","UFBA","Acad",2009.0,1994.0,15,28,0,NA,13,11,2,2,7,0,0,0,0,0,2,105,0,4,2,0,0,"Quatro"
"Engenharias_IV","UFC","Acad",2007.0,1999.0,12,37,0,NA,25,21,3,2,6,0,3,0,7,0,4,187,0,3,0,0,0,"Quatro"
"Engenharias_IV","UFJF","Acad",2008.0,1998.0,16,24,0,NA,58,56,9,20,20,6,0,0,1,0,2,123,0,17,1,0,2,"Quatro"
"Engenharias_IV","UFMA","Acad",2009.0,1995.0,15,68,0,NA,42,35,10,9,8,0,5,1,2,0,7,172,0,12,0,0,0,"Quatro"
"Engenharias_IV","UFPA","Acad",1998.0,1986.0,18,99,27,3.666666667,61,49,3,12,11,11,9,0,3,7,5,267,0,9,0,0,0,"Quatro"
"Engenharias_IV","UFRN","Acad",2000.0,1983.0,17,70,32,2.1875,57,52,6,16,10,3,1,4,12,0,5,332,0,16,0,0,0,"Quatro"
"Engenharias_IV","UFSC","Prof",NA,2005.0,8,18,0,NA,0,0,0,0,0,0,0,0,0,0,0,2,0,0,0,0,0,"Quatro"
"Engenharias_IV","UFU","Acad",1994.0,1985.0,14,72,28,2.571428571,48,43,6,6,14,3,0,7,7,0,5,223,0,8,0,0,0,"Quatro"
"Engenharias_IV","UNB","Prof",NA,1999.0,9,25,0,NA,28,25,4,12,4,0,1,2,2,0,3,137,0,11,0,0,5,"Quatro"
"Engenharias_IV","UNICASTELO","Acad",2009.0,2009.0,15,0,0,NA,33,27,1,8,7,9,0,0,2,0,6,2,0,0,0,0,0,"Quatro"
"Engenharias_IV","UNIVAP","Acad",2002.0,1993.0,28,72,21,3.428571429,177,156,10,17,59,41,9,3,17,0,21,78,0,4,0,0,0,"Quatro"
"Engenharias_IV","USP/SC","Acad",2009.0,1979.0,20,49,0,NA,133,108,10,10,32,5,14,14,23,1,24,100,0,10,0,0,0,"Quatro"
"Engenharias_IV","INATEL","Acad",NA,2001.0,8,18,0,NA,12,12,1,1,4,1,0,0,5,0,0,34,3,0,0,0,0,"Tres"
"Engenharias_IV","IPT","Prof",NA,1997.0,16,84,0,NA,40,38,0,0,1,3,3,0,31,1,1,107,4,8,0,0,0,"Tres"
"Engenharias_IV","UEL","Acad",NA,2002.0,8,19,0,NA,28,27,6,5,4,0,3,7,2,0,1,63,0,0,0,0,0,"Tres"
"Engenharias_IV","UERJ","Acad",NA,2006.0,16,16,0,NA,42,35,7,5,3,3,6,2,9,0,7,101,2,18,16,0,0,"Tres"
"Engenharias_IV","UFABC","Acad",NA,2007.0,25,3,0,NA,69,59,7,6,16,7,4,2,17,0,10,119,2,16,0,0,0,"Tres"
"Engenharias_IV","UFF","Acad",NA,2001.0,14,37,0,NA,31,29,10,5,3,0,1,0,10,0,2,94,0,6,0,0,0,"Tres"
"Engenharias_IV","UFG","Acad",NA,1998.0,8,57,0,NA,22,21,1,1,5,1,0,4,9,0,1,54,0,0,0,0,0,"Tres"
"Engenharias_IV","UFLA","Acad",NA,2007.0,8,8,0,NA,60,51,2,11,14,3,5,1,15,0,9,30,2,11,0,0,0,"Tres"
"Engenharias_IV","UFPR","Acad",NA,2002.0,13,33,0,NA,20,18,2,5,4,4,1,0,2,0,2,59,0,0,0,0,0,"Tres"
"Engenharias_IV","UFSJ","Acad",NA,2009.0,12,0,0,NA,6,5,0,2,2,0,0,0,1,0,1,45,0,1,0,0,0,"Tres"
"Engenharias_IV","UNB","Acad",2000.0,1979.0,22,0,28,4.0,48,44,15,11,5,1,1,1,10,1,3,235,3,17,0,0,2,"Tres"
"Engenharias_IV","UNIVAP","Prof",NA,2000.0,34,44,0,NA,171,131,13,18,40,29,7,5,19,2,38,131,0,2,0,0,0,"Tres"
"Engenharias_IV","UTFPR","Acad",NA,2009.0,8,0,0,NA,8,6,3,2,1,0,0,0,0,0,2,16,0,1,0,0,0,"Tres"
"Geociencias","UFRGS","Acad",1968.0,1968.0,36,59,39,1.512820513,207,197,16,24,56,66,12,10,13,1,9,38,8,50,1,0,3,"Sete"
"Geociencias","INPE","Acad",1974.0,1968.0,29,37,21,1.761904762,182,168,34,33,30,43,10,10,8,3,11,196,2,39,0,0,0,"Seis"
"Geociencias","UFF","Acad",1991.0,1972.0,15,33,28,1.178571429,100,91,15,15,25,22,8,3,3,0,9,53,0,15,0,0,1,"Seis"
"Geociencias","UFPA","Acad",1992.0,1992.0,22,48,10,4.8,115,107,15,8,38,29,4,6,7,4,4,92,0,59,0,0,6,"Seis"
"Geociencias","UNICAMP","Acad",1994.0,1983.0,18,36,15,2.4,124,114,10,12,35,38,5,10,4,3,7,106,1,31,0,0,1,"Seis"
"Geociencias","USP","Acad",1986.0,1986.0,33,19,14,1.357142857,172,169,22,27,49,58,3,8,2,0,3,59,2,34,0,0,1,"Seis"
"Geociencias","UFRJ","Acad",1968.0,1968.0,26,57,32,1.78125,122,116,4,5,20,23,5,44,15,2,4,34,6,43,0,0,1,"Cinco"
"Geociencias","USP","Acad",1979.0,1975.0,16,23,10,2.3,79,75,14,11,25,23,0,1,1,0,4,5,1,11,0,0,0,"Cinco"
"Geociencias","USP","Acad",1983.0,1972.0,7,0,7,2.0,50,48,10,20,9,8,0,1,0,1,1,28,0,14,0,0,0,"Cinco"
"Geociencias","USP","Acad",1998.0,1998.0,13,0,6,3.0,51,48,0,22,12,9,3,2,0,0,3,45,0,25,0,2,0,"Cinco"
"Geociencias","UFBA","Acad",1992.0,1976.0,17,28,14,2.0,77,70,13,2,14,20,8,8,5,2,5,50,0,26,0,0,8,"Quatro"
"Geociencias","UFC","Acad",2009.0,1995.0,13,34,0,NA,63,62,1,2,10,14,0,29,6,1,0,44,4,7,0,0,0,"Quatro"
"Geociencias","UFMG","Acad",2001.0,1988.0,14,19,13,1.461538462,39,37,2,2,7,6,4,14,2,0,2,57,11,12,0,0,1,"Quatro"
"Geociencias","UFPR","Acad",1983.0,1971.0,14,31,15,2.066666667,60,54,0,0,2,37,3,4,8,0,6,131,1,11,0,0,0,"Quatro"
"Geociencias","UFPR","Acad",1992.0,1992.0,15,29,12,2.416666667,66,60,0,4,7,26,3,16,4,1,5,37,0,18,1,0,1,"Quatro"
"Geociencias","UFRGS","Acad",NA,1990.0,12,32,0,NA,64,60,6,2,11,25,1,8,7,0,4,106,1,14,0,0,0,"Quatro"
"Geociencias","UFSM","Acad",NA,2008.0,11,0,0,NA,53,53,9,2,9,4,2,27,0,0,0,90,0,6,1,0,0,"Quatro"
"Geociencias","UNB","Acad",2008.0,2008.0,11,0,0,NA,20,19,2,2,5,6,1,0,3,0,1,14,0,3,0,0,0,"Quatro"
"Geociencias","UNESP/RC","Acad",1986.0,1986.0,20,28,39,0.717948718,131,121,1,4,10,73,3,13,17,2,8,95,4,15,0,0,0,"Quatro"
"Geociencias","UnG","Acad",NA,2005.0,8,40,0,NA,47,44,1,5,1,19,1,1,16,1,2,5,2,13,0,0,0,"Quatro"
"Geociencias","USP","Acad",1970.0,1970.0,14,13,6,2.166666667,79,68,8,7,18,18,6,7,4,4,7,9,0,10,0,0,0,"Quatro"
"Geociencias","USP","Acad",1970.0,1970.0,14,23,9,2.555555556,37,33,0,2,9,19,0,3,0,1,3,48,3,15,0,1,1,"Quatro"
"Geociencias","UFF","Acad",2000.0,1991.0,9,21,8,2.625,61,57,3,5,7,30,5,6,1,3,1,73,2,12,0,0,0,"Tres"
"Geociencias","UFMT","Acad",NA,2005.0,12,9,0,NA,53,48,10,10,13,11,1,0,3,1,4,27,0,0,0,0,0,"Tres"
"Geociencias","UFPA","Acad",1992.0,1992.0,13,21,4,5.25,13,13,4,0,9,0,0,0,0,0,0,43,0,1,0,0,0,"Tres"
"Geociencias","UFPEL","Acad",NA,1995.0,10,19,0,NA,40,39,5,1,3,10,3,14,3,0,1,99,1,1,0,0,0,"Tres"
"Geociencias","UFRJ","Acad",NA,2009.0,13,0,0,NA,13,9,0,2,2,2,0,3,0,1,3,1,0,0,1,0,0,"Tres"
"Geociencias","UNISINOS","Acad",1998.0,1992.0,14,18,4,4.5,31,26,0,4,4,9,2,7,0,0,5,27,0,26,0,0,0,"Tres"
"Geografia","USP","Acad",1971.0,1971.0,35,122,78,1.564102564,225,163,11,43,27,23,19,23,17,27,35,545,48,146,6,3,13,"Sete"
"Geografia","UFPE","Acad",2004.0,1976.0,17,40,7,5.714285714,184,164,2,1,7,7,122,5,20,8,12,276,15,90,2,1,1,"Cinco"
"Geografia","UFPR","Acad",2006.0,1999.0,21,69,4,17.25,153,108,0,7,9,24,5,17,46,32,13,481,8,75,7,0,12,"Cinco"
"Geografia","UFU","Acad",2003.0,1998.0,17,56,29,1.931034483,191,139,3,5,8,34,38,13,38,25,27,630,37,89,1,1,4,"Cinco"
"Geografia","UNESP/RC","Acad",1983.0,1977.0,28,64,35,1.828571429,162,120,3,19,13,12,11,39,23,15,27,634,12,149,5,0,14,"Cinco"
"Geografia","UNICAMP","Acad",1994.0,1983.0,16,49,19,2.578947368,106,92,5,18,19,8,7,18,17,4,10,213,8,34,1,0,1,"Cinco"
"Geografia","UEM","Acad",2008.0,1998.0,19,45,0,NA,58,48,0,2,13,13,4,9,7,3,7,322,3,26,0,3,4,"Quatro"
"Geografia","UEPG","Acad",NA,2006.0,12,28,0,NA,66,56,0,4,7,12,7,21,5,4,6,208,1,26,2,2,22,"Quatro"
"Geografia","UERJ","Acad",NA,2002.0,16,62,0,NA,70,46,4,3,2,5,9,16,7,7,17,168,13,81,13,0,4,"Quatro"
"Geografia","UFC","Acad",2009.0,2004.0,11,35,0,NA,65,57,6,7,19,9,6,5,5,2,6,150,10,55,3,0,0,"Quatro"
"Geografia","UFPB/J.P.","Acad",NA,2003.0,13,41,0,NA,39,36,1,3,6,5,3,3,15,0,3,180,1,27,1,0,8,"Quatro"
"Geografia","UFRN","Acad",NA,2000.0,18,40,0,NA,32,24,1,1,6,4,3,6,3,0,8,140,2,71,2,0,2,"Quatro"
"Geografia","UFSM","Acad",NA,2003.0,20,50,0,NA,161,127,0,4,6,8,11,12,86,18,16,229,2,7,1,1,0,"Quatro"
"Geografia","UNB","Acad",NA,1996.0,11,57,0,NA,63,49,1,6,9,15,4,9,5,4,10,178,11,33,1,3,1,"Quatro"
"Geografia","UFAM","Acad",NA,2007.0,14,14,0,NA,12,9,0,0,1,5,0,1,2,3,0,59,0,28,6,0,0,"Tres"
"Geografia","UFG","Acad",NA,2008.0,13,0,0,NA,34,25,1,0,3,4,5,0,12,6,3,203,1,25,1,2,1,"Tres"
"Geografia","UFG","Acad",NA,2009.0,10,0,0,NA,16,12,0,0,1,3,8,0,0,1,3,26,0,4,0,0,0,"Tres"
"Geografia","UFGD","Acad",NA,2007.0,8,14,0,NA,39,23,1,2,0,4,4,5,7,10,6,225,1,20,4,1,1,"Tres"
"Geografia","UFMT","Acad",NA,2003.0,14,58,0,NA,37,32,1,1,4,3,3,4,16,1,4,88,3,49,1,1,6,"Tres"
"Geografia","UFPA","Acad",NA,2004.0,14,33,0,NA,49,46,1,1,5,3,4,8,24,1,2,89,4,68,4,0,4,"Tres"
"Geografia","UNICENTRO","Acad",NA,2009.0,10,0,0,NA,17,13,0,4,0,3,0,6,0,1,3,26,2,7,0,0,5,"Tres"
"Geografia","UNIR","Acad",NA,2006.0,17,42,0,NA,41,21,0,3,1,7,3,1,6,15,5,104,4,25,43,0,2,"Tres"
"Letras_Linguistica","UNICAMP","Acad",1979.0,1971.0,33,71,85,0.835294118,210,193,26,21,12,53,15,21,45,7,10,115,47,198,14,5,34,"Sete"
"Letras_Linguistica","USP","Acad",1971.0,1971.0,34,53,45,1.177777778,128,125,16,7,24,32,15,8,23,0,3,95,21,130,2,26,9,"Sete"
"Letras_Linguistica","UFRJ","Acad",1971.0,1970.0,22,56,47,1.191489362,136,122,13,7,10,1,9,8,74,3,11,14,39,54,9,19,13,"Seis"
"Letras_Linguistica","UFSC","Acad",1988.0,1971.0,22,40,30,1.333333333,211,201,9,17,19,32,56,6,62,1,9,109,43,89,0,7,14,"Seis"
"Letras_Linguistica","UNESP/ARAR","Acad",1977.0,1977.0,15,32,58,0.551724138,150,135,14,8,6,34,17,25,31,0,15,153,36,141,11,5,9,"Seis"
"Letras_Linguistica","UNICAMP","Acad",1987.0,1977.0,18,52,40,1.3,216,183,20,19,22,21,27,49,25,13,20,55,25,128,25,1,72,"Seis"
"Letras_Linguistica","USP","Acad",1971.0,1971.0,17,57,25,2.28,87,79,6,8,22,8,9,8,18,2,6,72,11,77,6,5,8,"Seis"
"Letras_Linguistica","USP","Acad",1971.0,1971.0,20,34,25,1.36,108,94,18,10,16,5,11,21,13,1,13,60,13,38,1,33,9,"Seis"
"Letras_Linguistica","PUC/SP","Acad",1979.0,1970.0,19,160,48,3.333333333,87,74,8,9,2,35,8,4,8,1,12,124,20,127,1,4,8,"Cinco"
"Letras_Linguistica","UCPEL","Acad",2006.0,1994.0,12,38,3,12.66666667,66,62,9,12,8,18,4,3,8,0,4,117,8,89,2,0,4,"Cinco"
"Letras_Linguistica","UERJ","Acad",1993.0,1988.0,50,143,48,2.979166667,186,158,20,13,21,10,23,20,51,2,26,159,40,314,49,20,6,"Cinco"
"Letras_Linguistica","UFF","Acad",1994.0,1971.0,46,0,96,1.208333333,201,172,26,11,30,15,34,19,37,7,22,149,27,202,14,27,44,"Cinco"
"Letras_Linguistica","UFPE","Acad",1990.0,1976.0,26,79,44,1.795454545,130,112,6,5,25,9,19,19,29,5,13,252,32,196,15,16,2,"Cinco"
"Letras_Linguistica","UFPR","Acad",2000.0,1975.0,30,72,25,2.88,153,132,7,12,30,15,16,14,38,6,15,164,5,65,8,10,12,"Cinco"
"Letras_Linguistica","UFRJ","Acad",1970.0,1970.0,33,91,41,2.219512195,119,107,10,21,14,16,12,14,20,0,12,132,17,145,12,8,46,"Cinco"
"Letras_Linguistica","UFRJ","Acad",1975.0,1968.0,17,57,27,2.111111111,45,41,3,4,7,8,4,6,9,1,3,12,3,37,4,0,1,"Cinco"
"Letras_Linguistica","UFSC","Acad",1987.0,1972.0,16,40,29,1.379310345,59,55,9,10,12,7,6,7,4,0,4,68,7,46,3,3,3,"Cinco"
"Letras_Linguistica","UFSM","Acad",2003.0,1988.0,20,35,20,1.75,217,207,15,34,14,17,41,59,27,1,9,240,14,79,5,5,3,"Cinco"
"Letras_Linguistica","UNB","Acad",1998.0,1975.0,25,63,22,2.863636364,136,125,16,24,10,14,17,23,21,6,5,60,25,94,6,15,9,"Cinco"
"Letras_Linguistica","UNESP/ARAR","Acad",1993.0,1980.0,24,72,51,1.411764706,109,100,17,9,18,12,10,13,21,2,7,171,4,81,4,13,15,"Cinco"
"Letras_Linguistica","UNESP/SJRP","Acad",1986.0,1979.0,17,29,19,1.526315789,80,73,6,9,10,11,12,7,18,1,6,69,14,42,1,0,5,"Cinco"
"Letras_Linguistica","UPM","Acad",2006.0,1994.0,17,82,10,8.2,122,96,6,6,10,14,36,7,17,3,23,86,32,131,26,22,23,"Cinco"
"Letras_Linguistica","USP","Acad",1971.0,1971.0,30,97,42,2.30952381,167,151,11,16,5,64,13,15,27,1,15,64,15,200,11,2,2,"Cinco"
"Letras_Linguistica","USP","Acad",1994.0,1994.0,26,32,32,1.0,127,124,12,3,6,10,46,36,11,2,1,67,17,135,7,10,9,"Cinco"
"Letras_Linguistica","USP","Acad",1971.0,1971.0,14,21,14,1.5,36,33,4,9,1,9,3,4,3,2,1,26,11,18,0,0,10,"Cinco"
"Letras_Linguistica","USP","Acad",1971.0,1971.0,14,21,8,2.625,50,45,12,3,10,2,3,6,9,2,3,47,0,38,2,2,8,"Cinco"
"Letras_Linguistica","UECE","Acad",NA,1998.0,12,48,0,NA,25,22,2,3,4,2,2,2,7,0,3,133,5,38,2,0,1,"Quatro"
"Letras_Linguistica","UEL","Acad",2003.0,2001.0,17,47,22,2.136363636,141,127,6,7,24,11,18,19,42,1,13,267,6,136,4,1,16,"Quatro"
"Letras_Linguistica","UEL","Acad",2003.0,1993.0,12,28,14,2.0,121,109,4,10,7,12,29,20,27,2,10,109,9,53,3,2,1,"Quatro"
"Letras_Linguistica","UEPB","Acad",NA,2006.0,13,29,0,NA,59,56,7,5,8,9,3,7,17,1,2,196,0,121,23,2,5,"Quatro"
"Letras_Linguistica","UFAL","Acad",1995.0,1989.0,21,47,25,1.88,60,51,2,3,1,18,3,8,16,1,8,69,24,146,2,10,6,"Quatro"
"Letras_Linguistica","UFC","Acad",NA,1989.0,13,58,0,NA,59,52,9,2,5,2,16,14,4,1,6,103,4,53,4,27,9,"Quatro"
"Letras_Linguistica","UFES","Acad",NA,1999.0,16,48,0,NA,173,169,3,1,1,63,54,8,39,0,4,28,8,348,1,2,9,"Quatro"
"Letras_Linguistica","UFG","Acad",2002.0,1972.0,31,91,23,3.956521739,117,88,6,7,18,11,10,17,19,0,29,82,15,83,11,0,5,"Quatro"
"Letras_Linguistica","UFJF","Acad",2007.0,2007.0,20,34,0,NA,63,59,4,3,14,4,15,5,14,0,4,57,1,43,8,15,3,"Quatro"
"Letras_Linguistica","UFPB/J.P.","Acad",2006.0,2006.0,26,87,34,2.558823529,70,64,5,1,2,27,10,6,13,1,5,173,19,128,7,2,5,"Quatro"
"Letras_Linguistica","UFPB/J.P.","Acad",2006.0,2006.0,23,110,20,5.5,54,47,3,8,2,10,2,14,8,0,7,381,17,131,11,3,5,"Quatro"
"Letras_Linguistica","UFRJ","Acad",2009.0,1970.0,13,50,0,NA,70,60,6,1,6,5,2,13,27,5,5,27,2,51,10,1,2,"Quatro"
"Letras_Linguistica","UFRJ","Acad",1970.0,1970.0,20,44,26,1.692307692,66,57,8,4,8,9,10,4,14,2,7,40,3,47,4,1,14,"Quatro"
"Letras_Linguistica","UFRN","Acad",2006.0,1993.0,23,54,20,2.7,54,47,4,5,7,4,8,7,12,0,7,237,5,114,2,2,10,"Quatro"
"Letras_Linguistica","UFSC","Acad",2009.0,2004.0,17,51,0,NA,130,108,10,17,17,11,25,9,19,3,19,29,7,82,0,3,19,"Quatro"
"Letras_Linguistica","UFU","Acad",2009.0,1995.0,12,71,0,NA,31,26,5,2,4,4,0,6,5,0,5,17,26,84,4,1,2,"Quatro"
"Letras_Linguistica","UFU","Acad",NA,2006.0,12,25,0,NA,55,46,4,4,7,9,3,8,11,1,8,45,5,58,2,50,11,"Quatro"
"Letras_Linguistica","UFV","Acad",NA,2009.0,12,0,0,NA,20,15,0,1,1,6,1,4,2,0,5,15,2,12,4,4,0,"Quatro"
"Letras_Linguistica","UNESP/ASS","Acad",1984.0,1979.0,16,53,32,1.65625,143,131,9,10,9,18,24,27,34,0,12,161,7,115,10,2,7,"Quatro"
"Letras_Linguistica","UNIOESTE","Acad",NA,2003.0,18,56,0,NA,191,153,9,14,22,16,19,49,24,4,34,427,11,94,4,4,5,"Quatro"
"Letras_Linguistica","UNISINOS","Acad",2008.0,2000.0,10,37,0,NA,68,56,6,16,7,12,8,4,3,1,11,79,5,39,3,0,4,"Quatro"
"Letras_Linguistica","UPF","Acad",NA,2003.0,9,65,0,NA,34,32,1,8,2,1,6,5,9,0,2,114,3,59,10,0,3,"Quatro"
"Letras_Linguistica","USP","Acad",NA,1996.0,8,11,0,NA,17,6,0,0,2,0,2,2,0,0,11,11,9,9,0,5,7,"Quatro"
"Letras_Linguistica","USP","Acad",2009.0,1975.0,13,24,0,NA,34,29,2,0,0,11,0,2,14,1,4,19,2,20,0,10,10,"Quatro"
"Letras_Linguistica","USP","Acad",1997.0,1989.0,10,19,7,2.714285714,59,53,4,1,18,0,3,21,6,0,6,11,1,24,1,1,3,"Quatro"
"Letras_Linguistica","USP","Acad",NA,1994.0,8,10,0,NA,34,30,9,3,10,1,3,3,1,1,3,7,4,10,0,6,7,"Quatro"
"Letras_Linguistica","USP","Acad",1994.0,1994.0,6,9,2,4.5,23,20,1,0,6,7,1,2,3,2,1,6,3,5,0,1,0,"Quatro"
"Letras_Linguistica","PUC-GOIAS","Acad",NA,2006.0,9,30,0,NA,10,9,0,0,2,0,2,4,1,0,1,35,4,55,3,4,11,"Tres"
"Letras_Linguistica","UEFS","Acad",NA,2000.0,15,39,0,NA,37,33,1,0,8,3,11,4,6,0,4,28,5,55,3,5,10,"Tres"
"Letras_Linguistica","UERN","Acad",NA,2008.0,11,0,0,NA,34,26,0,1,0,8,5,4,8,3,5,82,0,13,16,1,0,"Tres"
"Letras_Linguistica","UFAC","Acad",NA,2006.0,14,21,0,NA,7,7,0,0,0,1,0,2,4,0,0,31,5,20,2,0,7,"Tres"
"Letras_Linguistica","UFCG","Acad",NA,2004.0,17,43,0,NA,28,27,1,6,0,5,4,2,9,0,1,85,5,31,3,0,5,"Tres"
"Letras_Linguistica","UFES","Acad",NA,2006.0,16,25,0,NA,105,96,1,0,1,30,1,15,48,2,7,67,4,54,4,0,1,"Tres"
"Letras_Linguistica","UFMS","Acad",NA,2006.0,16,43,0,NA,44,39,1,1,0,7,6,9,15,2,3,83,1,69,1,10,2,"Tres"
"Letras_Linguistica","UFMS","Acad",NA,1998.0,15,81,0,NA,52,50,2,2,0,7,18,2,19,0,2,88,2,60,6,0,6,"Tres"
"Letras_Linguistica","UFMT","Acad",NA,2003.0,21,56,0,NA,52,51,2,3,4,5,28,4,5,0,1,47,5,79,7,0,1,"Tres"
"Letras_Linguistica","UFSJ","Acad",NA,2003.0,10,32,0,NA,13,11,1,1,0,1,1,7,0,0,2,74,0,19,2,0,0,"Tres"
"Letras_Linguistica","UNB","Acad",NA,2008.0,8,41,0,NA,22,19,0,1,1,2,2,2,11,1,2,5,2,9,0,0,0,"Tres"
"Letras_Linguistica","UNEB","Acad",NA,2009.0,13,0,0,NA,1,1,0,0,0,1,0,0,0,0,0,15,1,4,0,0,7,"Tres"
"Letras_Linguistica","UNIANDRADE","Acad",NA,2006.0,10,12,0,NA,86,86,4,3,20,1,14,5,39,0,0,44,3,30,2,3,6,"Tres"
"Letras_Linguistica","UNICAP","Acad",NA,2003.0,11,56,0,NA,14,13,3,2,2,0,4,2,0,0,1,46,0,26,1,2,2,"Tres"
"Letras_Linguistica","UNICSUL","Acad",NA,2007.0,10,10,0,NA,2,1,0,0,0,1,0,0,0,0,1,14,0,51,0,0,2,"Tres"
"Letras_Linguistica","UNIMAR","Acad",NA,2009.0,9,0,0,NA,5,4,0,0,0,1,0,1,2,0,1,0,6,2,0,0,1,"Tres"
"Letras_Linguistica","UNIMONTES","Acad",NA,2009.0,10,0,0,NA,13,9,1,2,2,0,2,1,1,0,4,15,1,10,0,0,1,"Tres"
"Letras_Linguistica","UNINCOR","Acad",NA,2003.0,9,29,0,NA,32,31,4,0,1,0,7,2,17,0,1,18,6,21,5,0,1,"Tres"
"Letras_Linguistica","UNIRITTER","Acad",NA,2007.0,7,19,0,NA,32,21,1,2,2,3,2,5,6,0,11,59,2,19,2,1,4,"Tres"
"Letras_Linguistica","UNISC","Acad",NA,2005.0,9,50,0,NA,95,82,12,1,9,30,2,19,9,0,13,47,0,38,0,0,2,"Tres"
"Letras_Linguistica","UNITAU","Acad",NA,1995.0,13,77,0,NA,31,24,0,2,0,3,2,6,11,2,5,38,1,39,1,0,9,"Tres"
"Mat_Prob_Estatistica","UNICAMP","Acad",1976.0,1972.0,39,38,48,0.791666667,170,167,15,25,32,51,23,6,15,0,3,9,3,12,0,0,0,"Sete"
"Mat_Prob_Estatistica","USP","Acad",1970.0,1970.0,31,70,48,1.458333333,183,165,7,36,29,33,28,16,16,0,18,31,0,20,0,0,4,"Sete"
"Mat_Prob_Estatistica","UFRJ","Acad",1972.0,1970.0,33,26,18,1.444444444,152,147,18,26,39,40,13,5,6,0,5,5,3,10,0,0,3,"Seis"
"Mat_Prob_Estatistica","UNICAMP","Acad",1990.0,1977.0,36,46,28,1.642857143,220,206,12,38,45,42,18,25,26,0,14,99,3,19,0,0,0,"Seis"
"Mat_Prob_Estatistica","USP","Acad",1970.0,1970.0,56,33,19,1.736842105,176,175,6,37,33,44,29,10,16,0,1,14,0,15,0,0,4,"Seis"
"Mat_Prob_Estatistica","USP/SC","Acad",1970.0,1970.0,38,36,22,1.636363636,182,176,7,26,38,66,23,7,9,0,6,3,0,3,0,0,1,"Seis"
"Mat_Prob_Estatistica","UFPE","Acad",2007.0,1996.0,15,27,0,NA,74,69,2,13,13,16,16,1,8,0,5,2,1,2,0,0,0,"Cinco"
"Mat_Prob_Estatistica","UFPE","Acad",1984.0,1967.0,13,29,12,2.416666667,113,110,2,17,19,39,18,1,14,0,3,0,0,1,0,0,0,"Cinco"
"Mat_Prob_Estatistica","UFRGS","Acad",1995.0,1978.0,16,31,11,2.818181818,46,46,1,4,15,10,8,4,4,0,0,0,1,1,0,0,0,"Cinco"
"Mat_Prob_Estatistica","UFSCAR","Acad",1996.0,1987.0,22,20,10,2.0,56,55,1,12,13,15,9,0,5,0,1,2,0,3,0,0,0,"Cinco"
"Mat_Prob_Estatistica","UNICAMP","Acad",2006.0,1977.0,12,22,2,11.0,50,49,2,10,7,9,11,3,7,0,1,14,2,2,0,0,0,"Cinco"
"Mat_Prob_Estatistica","UNICAMP","Prof",NA,2006.0,20,34,0,NA,112,107,4,12,23,25,11,7,25,0,5,69,4,12,0,0,1,"Cinco"
"Mat_Prob_Estatistica","UFBA","Acad",NA,1969.0,11,27,0,NA,25,25,3,4,6,7,3,0,2,0,0,0,0,0,0,0,0,"Quatro"
"Mat_Prob_Estatistica","UFCG","Acad",NA,2003.0,14,21,0,NA,53,53,1,6,14,19,7,6,0,0,0,3,3,2,0,0,0,"Quatro"
"Mat_Prob_Estatistica","UFF","Acad",2008.0,1969.0,17,23,0,NA,43,43,7,11,11,10,3,0,1,0,0,2,1,0,0,0,1,"Quatro"
"Mat_Prob_Estatistica","UFPA","Acad",NA,2004.0,16,48,0,NA,41,39,0,2,5,18,6,4,4,0,2,12,0,3,0,0,0,"Quatro"
"Mat_Prob_Estatistica","UFPB/J.P.","Acad",NA,1994.0,15,29,0,NA,61,60,2,4,10,23,15,1,5,0,1,1,0,0,0,0,0,"Quatro"
"Mat_Prob_Estatistica","UFPR","Acad",NA,2002.0,7,9,0,NA,28,26,2,5,4,10,1,2,2,0,2,2,0,0,0,0,0,"Quatro"
"Mat_Prob_Estatistica","UFRJ","Acad",NA,1996.0,10,9,0,NA,16,16,2,4,4,4,2,0,0,0,0,1,2,3,0,0,0,"Quatro"
"Mat_Prob_Estatistica","UFSC","Acad",NA,1976.0,10,23,0,NA,57,56,13,6,7,13,6,6,5,0,1,15,5,1,0,0,0,"Quatro"
"Mat_Prob_Estatistica","UFSCAR","Acad",2006.0,1997.0,10,39,1,39.0,68,64,1,6,9,10,7,10,21,0,4,20,0,10,0,0,2,"Quatro"
"Mat_Prob_Estatistica","UFES","Acad",NA,2006.0,10,10,0,NA,11,10,1,3,2,3,1,0,0,0,1,2,0,0,0,0,1,"Tres"
"Mat_Prob_Estatistica","UFRN","Acad",NA,2006.0,10,13,0,NA,17,17,2,3,2,3,2,1,4,0,0,27,3,1,0,0,0,"Tres"
"Mat_Prob_Estatistica","UFSM","Acad",NA,2007.0,16,5,0,NA,18,18,0,3,3,1,4,3,4,0,0,17,0,0,0,0,1,"Tres"
"Mat_Prob_Estatistica","UFV","Acad",NA,2008.0,16,1,0,NA,18,15,0,1,4,7,2,0,1,0,3,3,1,1,0,0,0,"Tres"
"Mat_Prob_Estatistica","UNB","Acad",NA,2008.0,9,0,0,NA,23,16,0,1,1,3,4,0,7,0,7,10,0,2,0,0,0,"Tres"
"Mat_Prob_Estatistica","UNESP/RC","Prof",NA,2008.0,13,0,0,NA,18,13,0,1,3,2,3,0,4,0,5,6,1,1,0,0,0,"Tres"
"Materiais","USP/EEL","Acad",1988.0,1988.0,20,22,11,2.0,100,95,17,9,18,35,8,4,4,1,4,114,0,3,0,0,0,"Cinco"
"Materiais","USP/SC","Acad",1993.0,1993.0,29,36,18,2.0,274,224,69,38,51,38,19,6,3,0,50,74,1,9,0,0,1,"Quatro"
"Materiais","UniFOA","Prof",NA,2009.0,12,0,0,NA,19,17,6,1,5,4,0,0,1,0,2,35,0,1,0,0,1,"Tres"
"Medicina_Veterinaria","UFMG","Acad",1989.0,2007.0,42,116,57,2.035087719,374,351,23,26,159,37,40,50,16,1,22,158,0,8,0,1,0,"Seis"
"Medicina_Veterinaria","UFSM","Acad",1997.0,1974.0,26,68,20,3.4,331,323,11,21,91,111,23,54,12,0,8,82,0,60,0,0,0,"Seis"
"Medicina_Veterinaria","UNESP/JAB","Acad",1999.0,1999.0,43,83,74,1.121621622,608,584,15,49,186,71,48,190,25,0,24,91,4,35,0,0,1,"Seis"
"Medicina_Veterinaria","USP","Acad",1978.0,1978.0,15,33,19,1.736842105,181,163,25,24,71,12,2,21,8,0,18,31,0,33,1,2,3,"Seis"
"Medicina_Veterinaria","UFRGS","Acad",1998.0,1969.0,28,97,34,2.852941176,356,352,11,28,109,41,13,138,12,0,4,19,2,63,0,0,0,"Cinco"
"Medicina_Veterinaria","UFRGS","Acad",2009.0,2009.0,9,0,0,NA,3,3,0,1,0,0,1,1,0,0,0,1,0,0,0,0,0,"Cinco"
"Medicina_Veterinaria","UFRRJ","Acad",1977.0,1972.0,24,45,46,0.97826087,270,261,0,29,92,26,57,51,6,0,9,64,0,8,0,0,0,"Cinco"
"Medicina_Veterinaria","UFV","Acad",2005.0,1996.0,24,65,11,5.909090909,227,218,3,16,98,24,43,21,13,0,9,43,6,7,0,3,0,"Cinco"
"Medicina_Veterinaria","UNESP/BOT","Acad",1981.0,1983.0,46,148,90,1.644444444,536,522,9,49,179,43,110,104,28,0,14,63,0,40,0,1,1,"Cinco"
"Medicina_Veterinaria","USP","Acad",1993.0,1976.0,11,31,26,1.192307692,150,139,2,30,50,21,20,15,1,2,9,19,1,10,0,0,0,"Cinco"
"Medicina_Veterinaria","UFF","Prof",NA,2009.0,16,0,0,NA,0,0,0,0,0,0,0,0,0,0,0,0,0,0,0,0,0,"Quatro"
"Medicina_Veterinaria","UFF","Acad",2001.0,1974.0,10,22,21,1.047619048,97,95,1,2,13,10,30,34,5,0,2,118,0,1,0,0,0,"Quatro"
"Medicina_Veterinaria","UFG","Acad",2001.0,1995.0,32,84,58,1.448275862,287,276,7,11,64,24,8,143,19,3,8,92,2,117,0,0,0,"Quatro"
"Medicina_Veterinaria","UFLA","Acad",2009.0,2004.0,13,27,0,NA,114,109,0,7,33,3,9,50,7,0,5,21,1,9,0,0,0,"Quatro"
"Medicina_Veterinaria","UFMT","Acad",NA,2007.0,15,12,0,NA,61,61,1,8,25,9,2,16,0,0,0,15,0,2,0,0,0,"Quatro"
"Medicina_Veterinaria","UFRPE","Acad",2008.0,2008.0,9,1,0,NA,117,101,2,13,36,12,8,25,5,0,16,35,1,3,0,0,1,"Quatro"
"Medicina_Veterinaria","UFRRJ","Acad",NA,2006.0,15,33,0,NA,91,84,4,6,24,15,5,23,7,0,7,29,1,4,0,0,0,"Quatro"
"Medicina_Veterinaria","UFU","Acad",NA,1999.0,19,55,0,NA,153,151,4,11,31,13,21,58,13,0,2,43,0,6,0,0,0,"Quatro"
"Medicina_Veterinaria","UNB","Acad",NA,2007.0,13,17,0,NA,95,94,5,10,41,9,7,22,0,0,1,13,1,12,0,0,0,"Quatro"
"Medicina_Veterinaria","UNESP/Arac","Acad",NA,2004.0,24,62,0,NA,136,135,4,22,40,14,24,27,4,0,1,1,0,12,0,0,0,"Quatro"
"Medicina_Veterinaria","UNESP/JAB","Acad",1999.0,1992.0,15,57,44,1.295454545,147,147,0,0,57,34,5,45,6,0,0,2,2,21,0,0,0,"Quatro"
"Medicina_Veterinaria","USP","Acad",1991.0,1991.0,13,34,14,2.428571429,154,152,2,6,47,42,8,33,14,0,2,23,1,22,0,0,0,"Quatro"
"Medicina_Veterinaria","UFES","Acad",NA,2008.0,9,0,0,NA,74,72,0,4,23,8,7,16,14,0,2,35,0,2,0,0,0,"Tres"
"Medicina_Veterinaria","UFPA","Acad",NA,2009.0,8,0,0,NA,48,46,0,4,29,5,1,6,1,0,2,6,0,0,0,0,0,"Tres"
"Medicina_Veterinaria","UNIFRAN","Acad",NA,2007.0,10,5,0,NA,65,64,0,1,25,16,2,19,1,0,1,1,2,19,0,0,0,"Tres"
"Medicina_Veterinaria","UNIPAR","Acad",NA,2006.0,8,23,0,NA,76,74,0,1,15,8,10,37,3,0,2,95,0,4,0,2,0,"Tres"
"Medicina_Veterinaria","UNOESTE","Acad",NA,2006.0,11,26,0,NA,71,69,1,4,15,12,8,29,0,0,2,17,1,14,0,0,0,"Tres"
"Odontologia","UNESP/ARAR","Acad",1993.0,1990.0,17,19,33,0.575757576,221,211,35,50,28,25,29,33,11,0,10,2,0,8,0,0,0,"Seis"
"Odontologia","UNICAMP/Pi","Acad",1993.0,1993.0,34,64,79,0.810126582,289,284,55,59,50,38,33,36,13,2,3,0,0,9,0,0,0,"Seis"
"Odontologia","UNICAMP/Pi","Acad",1999.0,1999.0,10,17,13,1.307692308,129,125,27,30,19,15,22,8,4,1,3,0,0,5,0,0,0,"Seis"
"Odontologia","UERJ","Acad",1998.0,1982.0,17,60,47,1.276595745,184,180,25,21,18,11,36,34,35,2,2,17,1,5,1,0,0,"Cinco"
"Odontologia","UFPEL","Acad",2004.0,1976.0,13,18,8,2.25,108,105,15,31,20,10,11,13,5,0,3,7,0,1,0,0,0,"Cinco"
"Odontologia","UFRGS","Acad",2002.0,1991.0,19,47,12,3.916666667,189,180,31,19,16,32,27,39,16,2,7,7,0,17,0,0,0,"Cinco"
"Odontologia","UNAERP","Acad",2005.0,2000.0,11,33,11,3.0,62,62,12,14,15,8,5,4,4,0,0,0,0,0,0,0,0,"Cinco"
"Odontologia","UNESP/Arac","Acad",1995.0,1993.0,12,14,16,0.875,88,87,17,21,17,12,8,8,4,0,1,2,0,5,0,0,0,"Cinco"
"Odontologia","UNESP/ARAR","Acad",1983.0,1978.0,18,37,31,1.193548387,290,278,20,27,34,36,31,82,48,1,11,4,1,25,0,0,0,"Cinco"
"Odontologia","UNESP/SJC","Acad",1992.0,1992.0,14,38,23,1.652173913,167,160,12,21,21,36,13,47,10,3,4,10,0,31,0,4,2,"Cinco"
"Odontologia","UnG","Acad",2008.0,2003.0,13,26,0,NA,127,124,19,28,15,19,12,20,11,0,3,6,0,9,0,0,0,"Cinco"
"Odontologia","UNICAMP/Pi","Acad",1984.0,1974.0,14,28,27,1.037037037,120,117,16,28,12,7,22,24,8,1,2,3,0,5,0,0,0,"Cinco"
"Odontologia","UNICAMP/Pi","Acad",1994.0,1983.0,11,15,16,0.9375,85,84,1,14,16,6,18,10,19,0,1,0,0,1,0,0,0,"Cinco"
"Odontologia","USP","Acad",1988.0,1988.0,12,16,20,0.8,147,146,12,15,48,27,10,30,4,0,1,5,1,8,0,0,0,"Cinco"
"Odontologia","USP","Acad",1988.0,1988.0,13,11,18,0.611111111,102,93,25,22,26,9,7,3,1,0,9,0,2,9,0,0,0,"Cinco"
"Odontologia","USP/FOB","Acad",1983.0,1973.0,10,42,18,2.333333333,125,124,15,9,40,1,22,27,10,0,1,9,1,41,0,11,0,"Cinco"
"Odontologia","USP/RP","Acad",2006.0,1998.0,10,13,3,4.333333333,116,101,31,29,18,4,7,7,5,0,15,17,0,7,0,0,0,"Cinco"
"Odontologia","USP/RP","Acad",1987.0,1983.0,28,41,25,1.64,221,200,17,30,50,48,34,12,9,1,20,0,0,7,0,0,0,"Cinco"
"Odontologia","USP/RP","Acad",2006.0,1998.0,14,23,6,3.833333333,206,202,26,39,41,27,28,28,13,0,4,0,2,39,0,0,2,"Cinco"
"Odontologia","PUC/PR","Acad",2006.0,1996.0,27,67,7,9.571428571,190,177,15,38,21,13,23,36,31,2,11,3,0,23,0,0,0,"Quatro"
"Odontologia","SLMANDIC","Acad",2005.0,2004.0,20,12,29,0.413793103,194,186,27,42,24,21,14,47,11,2,6,18,7,23,0,0,1,"Quatro"
"Odontologia","UFBA","Acad",NA,1992.0,13,36,0,NA,120,113,6,14,19,9,16,22,27,2,5,1,0,5,0,0,0,"Quatro"
"Odontologia","UFC","Acad",2009.0,2005.0,13,47,0,NA,80,75,3,24,10,6,7,18,7,1,4,12,2,8,0,0,0,"Quatro"
"Odontologia","UFF","Acad",NA,2002.0,18,29,0,NA,97,97,7,10,19,7,11,37,6,0,0,5,0,2,0,0,0,"Quatro"
"Odontologia","UFPB/J.P.","Acad",2000.0,NA,14,0,17,NA,240,228,11,16,37,41,35,49,39,4,8,9,0,13,0,1,0,"Quatro"
"Odontologia","UFPE","Acad",2009.0,2001.0,12,30,0,NA,127,120,8,7,11,17,12,48,17,0,7,0,0,4,0,0,0,"Quatro"
"Odontologia","UFRN","Acad",1997.0,1978.0,10,6,7,0.857142857,84,80,2,6,7,9,19,22,15,0,4,0,0,0,0,0,0,"Quatro"
"Odontologia","UFU","Acad",NA,2001.0,14,79,0,NA,160,146,12,36,20,19,16,22,21,11,3,9,0,9,0,0,0,"Quatro"
"Odontologia","ULBRA","Acad",2006.0,1995.0,16,38,4,9.5,160,155,11,9,6,26,28,48,27,3,2,12,0,27,0,0,3,"Quatro"
"Odontologia","UNESA","Prof",NA,2002.0,11,16,0,NA,99,91,24,12,15,2,4,15,19,0,8,0,2,6,0,0,1,"Quatro"
"Odontologia","UNESP/Arac","Acad",1995.0,1994.0,10,9,11,0.818181818,150,138,1,0,17,8,39,55,18,4,8,1,7,6,0,0,1,"Quatro"
"Odontologia","UNESP/SJC","Acad",1998.0,1997.0,22,26,30,0.866666667,210,194,10,25,22,27,29,65,16,7,9,16,0,33,0,0,1,"Quatro"
"Odontologia","UNICSUL","Acad",2008.0,2004.0,14,18,0,NA,115,105,6,9,29,17,6,27,11,3,7,3,0,28,0,0,2,"Quatro"
"Odontologia","UNOPAR","Acad",NA,2003.0,12,28,0,NA,87,83,12,12,10,3,12,18,16,0,4,6,4,7,0,0,0,"Quatro"
"Odontologia","USP","Acad",1984.0,1971.0,60,79,68,1.161764706,392,375,22,39,51,63,44,94,62,11,6,4,6,162,3,0,2,"Quatro"
"Odontologia","USP","Acad",1988.0,1988.0,11,24,22,1.090909091,101,98,1,16,23,8,13,25,12,2,1,2,1,29,0,0,1,"Quatro"
"Odontologia","USP/FOB","Acad",1975.0,1970.0,16,0,22,0.954545455,210,203,42,46,41,24,21,17,12,1,6,2,3,22,1,0,0,"Quatro"
"Odontologia","USP/FOB","Acad",1987.0,1987.0,4,0,12,0.75,97,95,6,17,10,7,19,28,8,0,2,1,2,1,0,0,1,"Quatro"
"Odontologia","USP/FOB","Acad",1975.0,1970.0,14,0,15,1.866666667,76,73,10,20,15,6,3,11,8,1,2,0,1,20,0,0,0,"Quatro"
"Odontologia","ILAPEO","Prof",NA,2008.0,14,0,0,NA,60,46,3,7,4,8,3,19,2,14,0,2,0,25,0,0,1,"Tres"
"Odontologia","UEM","Acad",NA,2008.0,10,0,0,NA,54,52,0,8,2,1,8,20,13,1,1,37,0,8,0,0,1,"Tres"
"Odontologia","UEPB","Acad",NA,2009.0,13,0,0,NA,43,33,0,2,1,1,6,18,5,0,10,4,0,7,0,0,0,"Tres"
"Odontologia","UFJF","Acad",NA,2007.0,16,10,0,NA,92,88,6,1,7,3,19,34,18,0,4,13,1,5,2,4,2,"Tres"
"Odontologia","UFMA","Acad",NA,2008.0,17,0,0,NA,66,58,7,10,8,9,7,15,2,0,8,1,0,1,0,0,0,"Tres"
"Odontologia","UFPA","Acad",NA,2003.0,15,14,0,NA,44,32,0,3,7,0,3,13,6,0,12,0,0,0,0,0,1,"Tres"
"Odontologia","UFPR","Acad",NA,2009.0,12,0,0,NA,14,8,0,1,3,1,2,0,1,0,6,0,0,6,0,0,0,"Tres"
"Odontologia","UFRN","Acad",NA,2003.0,15,38,0,NA,97,82,1,1,22,7,21,23,7,2,13,2,0,18,0,0,0,"Tres"
"Odontologia","UFSC","Acad",2000.0,1971.0,40,46,34,1.352941176,143,136,23,21,10,10,13,44,15,2,5,17,11,12,4,0,0,"Tres"
"Odontologia","UNIARARAS","Prof",NA,2002.0,11,47,0,NA,41,41,0,5,2,2,6,23,3,0,0,6,4,18,0,0,0,"Tres"
"Odontologia","UNIB","Acad",NA,2005.0,11,24,0,NA,88,87,4,12,6,27,15,15,8,0,1,5,0,15,0,0,0,"Tres"
"Odontologia","UNICEUMA","Acad",NA,2007.0,10,5,0,NA,30,29,6,4,4,0,7,6,2,1,0,0,0,2,0,0,0,"Tres"
"Odontologia","UNIGRANRIO","Prof",NA,2000.0,16,47,0,NA,96,86,2,5,2,8,2,57,10,5,5,18,0,7,1,0,0,"Tres"
"Odontologia","UNINCOR","Acad",NA,2003.0,11,26,0,NA,89,87,4,10,10,16,24,10,13,1,1,3,0,1,0,0,0,"Tres"
"Odontologia","UNINGA","Prof",NA,2008.0,12,0,0,NA,56,53,9,3,7,0,4,12,18,1,2,7,0,4,0,0,0,"Tres"
"Odontologia","UNISA","Prof",NA,2000.0,10,36,0,NA,63,61,2,4,5,5,3,29,13,2,0,3,2,12,0,0,1,"Tres"
"Odontologia","UNIUBE","Acad",NA,2007.0,12,7,0,NA,66,62,13,22,8,7,6,5,1,0,4,0,0,3,0,0,0,"Tres"
"Odontologia","UP","Prof",NA,2008.0,12,8,0,NA,92,77,6,5,7,4,11,10,34,0,15,5,0,14,0,0,1,"Tres"
"Odontologia","USC","Prof",NA,1998.0,13,75,0,NA,110,105,7,15,16,7,15,29,16,4,1,16,4,39,2,0,2,"Tres"
"Odontologia","USP/FOB","Acad",1989.0,1987.0,5,0,7,2.285714286,59,59,11,14,14,0,3,5,12,0,0,8,3,7,0,0,0,"Tres"
"Odontologia","USP/FOB","Acad",1986.0,1975.0,6,0,8,1.125,55,55,9,9,9,7,6,12,3,0,0,0,0,1,0,0,0,"Tres"
"Sociologia","UFRJ","Acad",1993.0,1980.0,29,66,38,1.736842105,154,127,23,11,22,24,13,16,18,14,13,111,36,202,31,13,7,"Sete"
"Sociologia","USP","Acad",1971.0,1971.0,27,56,38,1.473684211,159,129,41,14,18,19,16,9,12,9,21,75,33,165,21,9,2,"Sete"
"Sociologia","UNICAMP","Acad",2003.0,1974.0,16,38,22,1.727272727,168,136,8,11,21,20,19,30,27,10,22,153,19,135,2,4,17,"Seis"
"Sociologia","UFPE","Acad",1995.0,1967.0,18,38,30,1.266666667,104,85,6,5,6,25,11,17,15,9,10,134,23,165,17,0,5,"Cinco"
"Sociologia","UFPR","Acad",2004.0,1997.0,21,50,16,3.125,97,67,10,5,11,15,8,9,9,12,18,206,13,86,5,11,10,"Cinco"
"Sociologia","UFRRJ","Acad",1995.0,1976.0,18,45,49,0.918367347,111,75,3,5,8,21,10,9,19,20,16,244,15,136,10,0,8,"Cinco"
"Sociologia","UFSCAR","Acad",2008.0,2008.0,16,18,6,3.0,70,55,9,5,4,13,4,11,9,6,9,97,12,61,3,0,3,"Cinco"
"Sociologia","UNB","Acad",1984.0,1970.0,22,52,48,1.083333333,166,127,9,27,14,16,20,28,13,23,16,129,7,132,2,8,13,"Cinco"
"Sociologia","UNICAMP","Acad",1985.0,NA,35,0,47,NA,359,276,26,46,35,42,35,39,53,40,43,320,18,314,8,16,44,"Cinco"
"Sociologia","UECE","Prof",NA,2006.0,17,89,0,NA,101,78,0,2,4,2,26,38,6,7,16,106,4,41,1,2,6,"Quatro"
"Sociologia","UENF","Acad",2007.0,2007.0,11,8,0,NA,26,23,3,2,0,7,4,6,1,0,3,7,1,18,3,1,4,"Quatro"
"Sociologia","UFCG","Acad",2007.0,2007.0,14,13,1,13.0,41,23,0,3,3,10,2,0,5,3,15,118,3,57,4,13,3,"Quatro"
"Sociologia","UFJF","Acad",2009.0,2005.0,13,43,0,NA,71,46,6,1,1,7,3,14,14,12,13,89,5,68,5,0,8,"Quatro"
"Sociologia","UFMA","Acad",NA,2003.0,15,40,0,NA,54,37,0,4,2,5,20,3,3,6,11,131,19,51,10,1,7,"Quatro"
"Sociologia","UFMG","Acad",2007.0,1981.0,14,44,4,11.0,52,37,5,2,5,7,0,8,10,3,12,49,2,56,11,0,0,"Quatro"
"Sociologia","UFRN","Acad",2001.0,1979.0,32,75,34,2.205882353,131,91,1,0,5,17,6,14,48,24,16,245,8,111,6,7,14,"Quatro"
"Sociologia","UNESP/ARAR","Acad",1993.0,1981.0,20,42,37,1.135135135,145,102,1,4,6,42,19,8,22,21,22,174,8,91,5,2,10,"Quatro"
"Sociologia","UNESP/MAR","Acad",2006.0,1999.0,23,61,0,NA,189,128,2,6,6,9,10,24,71,34,27,215,19,115,17,3,3,"Quatro"
"Sociologia","UFAL","Acad",NA,2003.0,14,17,0,NA,14,7,0,0,2,0,0,5,0,1,6,24,3,25,0,2,7,"Tres"
"Sociologia","UFAM","Acad",NA,2007.0,12,8,0,NA,24,17,2,1,4,3,3,4,0,3,4,54,23,86,6,1,20,"Tres"
"Sociologia","UFES","Acad",NA,2009.0,12,0,0,NA,13,4,1,0,0,2,0,1,0,0,9,11,0,9,0,2,3,"Tres"
"Sociologia","UFPB/J.P.","Acad",1999.0,1979.0,23,62,35,1.771428571,63,45,1,1,5,12,3,13,10,10,8,150,4,72,4,0,10,"Tres"
"Sociologia","UFPEL","Acad",NA,2006.0,19,33,0,NA,73,50,3,1,4,6,10,4,22,7,16,250,6,44,3,6,3,"Tres"
"Sociologia","UFSM","Acad",NA,2008.0,7,1,0,NA,42,16,1,0,1,1,2,3,8,3,23,54,1,12,0,0,0,"Tres"
